family,contrast,stratum,direction,metric,preferred_sign,n_seeds,n_matched_cell_runs,left_seed_median,right_seed_median,paired_seed_median_difference,bootstrap_ci_low,bootstrap_ci_high,wilcoxon_statistic,p_value,rank_biserial,noninferiority_margin_absolute,noninferiority_pass,p_holm
ANNOTATION_POLICY_SENSITIVITY,CF_FIT_minus_S2,frozen_llm,left-minus-right,cost_per_verified_task,negative,50,300,1.076126565440824,0.712138706417965,0.3587027539022061,0.3480581967142738,0.37527036667945707,0,7.790492207218426e-10,1.0,,,4.674295324331055e-09
ANNOTATION_POLICY_SENSITIVITY,CF_FIT_minus_S2,frozen_llm,left-minus-right,verified_throughput,positive,50,300,0.4543563999477922,0.3678745566156745,0.08154007152000108,0.07751191307798516,0.08735453836329365,0,7.790492207218426e-10,1.0,,,4.674295324331055e-09
ANNOTATION_POLICY_SENSITIVITY,CF_FIT_minus_S2,frozen_llm,left-minus-right,p95_terminal_flow_time,negative,50,300,180.03749999999997,824.5749999999999,-655.5999999999999,-670.525,-645.2375,0,7.790492207218426e-10,-1.0,,,4.674295324331055e-09
ANNOTATION_POLICY_SENSITIVITY,CF_FIT_minus_S2,frozen_llm,left-minus-right,task_completion_rate,positive,50,300,0.4396428571428571,0.34767857142857145,0.07500000000000002,0.07275000000000001,0.07650000000000001,0,7.78697518385641e-10,1.0,0.03,True,4.672185110313846e-09
ANNOTATION_POLICY_SENSITIVITY,CF_FIT_minus_S2,frozen_llm,left-minus-right,dead_letter_rate,negative,50,300,0.5603571428571429,0.04189285714285715,0.5153571428571428,0.5079285714285715,0.5216071428571429,0,7.78697518385641e-10,1.0,0.03,False,4.670075751849909e-09
ANNOTATION_POLICY_SENSITIVITY,CF_FIT_minus_S2,frozen_llm,left-minus-right,unsettled_rate,negative,50,300,0.0,0.5980357142857142,-0.5980357142857142,-0.6073214285714286,-0.5948214285714286,0,7.776432667267605e-10,-1.0,0.03,True,4.665859600360563e-09
ANNOTATION_POLICY_SENSITIVITY,CF_FIT_minus_S2,frozen_llm,left-minus-right,productive_utilization,positive,50,300,0.8866852106309306,0.5540105564460347,0.3353023629655758,0.3292231310789469,0.3396624689377083,0,7.790492207218426e-10,1.0,,,4.674295324331055e-09
ANNOTATION_POLICY_SENSITIVITY,CF_FIT_minus_CENTRAL_FIT,frozen_llm,left-minus-right,cost_per_verified_task,negative,50,300,1.076126565440824,1.0861513126571443,-0.0005789683474026197,-0.0059391745753757386,0.007828415605219408,603.0,0.7427517722481454,0.05411764705882353,,,1.0
ANNOTATION_POLICY_SENSITIVITY,CF_FIT_minus_CENTRAL_FIT,frozen_llm,left-minus-right,verified_throughput,positive,50,300,0.4543563999477922,0.46160432147874525,-0.0039103733644730715,-0.006695698820988888,-0.0010260562800068346,335.0,0.0035535798700074527,-0.4745098039215686,,,0.0035535798700074527
ANNOTATION_POLICY_SENSITIVITY,CF_FIT_minus_CENTRAL_FIT,frozen_llm,left-minus-right,p95_terminal_flow_time,negative,50,300,180.03749999999997,182.79999999999995,1.5124999999999886,-0.8875000000001023,3.5,490.0,0.22488044679536245,0.2,,,0.6128096683333494
ANNOTATION_POLICY_SENSITIVITY,CF_FIT_minus_CENTRAL_FIT,frozen_llm,left-minus-right,task_completion_rate,positive,50,300,0.4396428571428571,0.44407142857142856,-0.0034285714285714197,-0.005785714285714297,-0.0010714285714285426,339.0,0.004018013391014921,-0.4682352941176471,0.03,True,0.004018013391014921
ANNOTATION_POLICY_SENSITIVITY,CF_FIT_minus_CENTRAL_FIT,frozen_llm,left-minus-right,dead_letter_rate,negative,50,300,0.5603571428571429,0.5559285714285713,0.0010357142857142787,-0.00046428571428572263,0.003928571428571413,439.0,0.08527031232516066,0.283265306122449,0.03,True,0.17054062465032133
ANNOTATION_POLICY_SENSITIVITY,CF_FIT_minus_CENTRAL_FIT,frozen_llm,left-minus-right,unsettled_rate,negative,50,300,0.0,0.0,0.0,0.0,0.0,0,1.0,1.0,0.03,True,1.0
ANNOTATION_POLICY_SENSITIVITY,CF_FIT_minus_CENTRAL_FIT,frozen_llm,left-minus-right,productive_utilization,positive,50,300,0.8866852106309306,0.8975522833271188,-0.012324289143536143,-0.013074434386765393,-0.011244668624969395,0,7.790492207218426e-10,-1.0,,,4.674295324331055e-09
ANNOTATION_POLICY_SENSITIVITY,CF_FIT_minus_S2,frozen_llm_lower,left-minus-right,cost_per_verified_task,negative,50,300,0.9578613897644244,0.6949473905176746,0.252480777657498,0.2498331895464218,0.2612676505742967,0,7.790492207218426e-10,1.0,,,4.674295324331055e-09
ANNOTATION_POLICY_SENSITIVITY,CF_FIT_minus_S2,frozen_llm_lower,left-minus-right,verified_throughput,positive,50,300,0.548496692219833,0.5079882365663297,0.08427482233420094,0.07972946631827517,0.08680056571397932,0,7.790492207218426e-10,1.0,,,4.674295324331055e-09
ANNOTATION_POLICY_SENSITIVITY,CF_FIT_minus_S2,frozen_llm_lower,left-minus-right,p95_terminal_flow_time,negative,50,300,261.07499999999993,820.0125,-595.45,-615.0374999999999,-575.5999999999999,0,7.790492207218426e-10,-1.0,,,4.674295324331055e-09
ANNOTATION_POLICY_SENSITIVITY,CF_FIT_minus_S2,frozen_llm_lower,left-minus-right,task_completion_rate,positive,50,300,0.5158928571428572,0.47785714285714287,0.07225000000000001,0.06535714285714286,0.07771428571428575,0,7.78873351726538e-10,1.0,0.03,True,4.672185110313846e-09
ANNOTATION_POLICY_SENSITIVITY,CF_FIT_minus_S2,frozen_llm_lower,left-minus-right,dead_letter_rate,negative,50,300,0.4655357142857143,0.04428571428571429,0.4101071428571429,0.39964285714285713,0.41767857142857145,0,7.783459586416516e-10,1.0,0.03,False,4.670075751849909e-09
ANNOTATION_POLICY_SENSITIVITY,CF_FIT_minus_S2,frozen_llm_lower,left-minus-right,unsettled_rate,negative,50,300,0.012678571428571428,0.46732142857142855,-0.45053571428571426,-0.4539285714285714,-0.4426785714285714,0,7.78521720692798e-10,-1.0,0.03,True,4.665859600360563e-09
ANNOTATION_POLICY_SENSITIVITY,CF_FIT_minus_S2,frozen_llm_lower,left-minus-right,productive_utilization,positive,50,300,0.9543693479111068,0.7467003651111127,0.2092336436710804,0.20373355251909753,0.21817805371773819,0,7.790492207218426e-10,1.0,,,4.674295324331055e-09
ANNOTATION_POLICY_SENSITIVITY,CF_FIT_minus_CENTRAL_FIT,frozen_llm_lower,left-minus-right,cost_per_verified_task,negative,50,300,0.9578613897644244,0.9542642166793739,-0.0009883192643658778,-0.0037138289726436624,0.0017569812736994428,576.0,0.5559619018881656,-0.09647058823529411,,,1.0
ANNOTATION_POLICY_SENSITIVITY,CF_FIT_minus_CENTRAL_FIT,frozen_llm_lower,left-minus-right,verified_throughput,positive,50,300,0.548496692219833,0.5532263642120854,-0.0032270073920736414,-0.005118175833395869,-0.0009803725815146769,280.0,0.0009582646750713787,-0.5428571428571428,,,0.0019165293501427574
ANNOTATION_POLICY_SENSITIVITY,CF_FIT_minus_CENTRAL_FIT,frozen_llm_lower,left-minus-right,p95_terminal_flow_time,negative,50,300,261.07499999999993,256.775,2.037499999999966,-2.0,3.962500000000034,505.5,0.2042698894444498,0.20705882352941177,,,0.6128096683333494
ANNOTATION_POLICY_SENSITIVITY,CF_FIT_minus_CENTRAL_FIT,frozen_llm_lower,left-minus-right,task_completion_rate,positive,50,300,0.5158928571428572,0.5208928571428572,-0.002821428571428572,-0.004821428571428588,-0.0011785714285714316,261.5,0.000489218083174088,-0.5730612244897959,0.03,True,0.000978436166348176
ANNOTATION_POLICY_SENSITIVITY,CF_FIT_minus_CENTRAL_FIT,frozen_llm_lower,left-minus-right,dead_letter_rate,negative,50,300,0.4655357142857143,0.46214285714285713,-0.0013928571428571332,-0.0033214285714285863,0.003071428571428572,597.0,0.6993995433003242,0.06352941176470588,0.03,True,0.6993995433003242
ANNOTATION_POLICY_SENSITIVITY,CF_FIT_minus_CENTRAL_FIT,frozen_llm_lower,left-minus-right,unsettled_rate,negative,50,300,0.012678571428571428,0.009285714285714286,0.0,0.0,0.0,35.5,0.009976936578992,0.6619047619047619,0.03,True,0.029930809736976004
ANNOTATION_POLICY_SENSITIVITY,CF_FIT_minus_CENTRAL_FIT,frozen_llm_lower,left-minus-right,productive_utilization,positive,50,300,0.9543693479111068,0.9659901410291192,-0.012224208058255942,-0.01281666702858722,-0.01133712193405928,0,7.790492207218426e-10,-1.0,,,4.674295324331055e-09
ANNOTATION_POLICY_SENSITIVITY,CF_FIT_minus_S2,frozen_llm_upper,left-minus-right,cost_per_verified_task,negative,50,300,1.1178576449277053,0.7144796126575045,0.3888019414779687,0.38028254212673124,0.3973074995490632,0,7.790492207218426e-10,1.0,,,4.674295324331055e-09
ANNOTATION_POLICY_SENSITIVITY,CF_FIT_minus_S2,frozen_llm_upper,left-minus-right,verified_throughput,positive,50,300,0.43877603297128703,0.37059175871397476,0.07219248535042175,0.06745279524209763,0.0782420841938502,0,7.790492207218426e-10,1.0,,,4.674295324331055e-09
ANNOTATION_POLICY_SENSITIVITY,CF_FIT_minus_S2,frozen_llm_upper,left-minus-right,p95_terminal_flow_time,negative,50,300,175.2625,904.3499999999999,-691.0125,-700.0,-680.975,0,7.790492207218426e-10,-1.0,,,4.674295324331055e-09
ANNOTATION_POLICY_SENSITIVITY,CF_FIT_minus_S2,frozen_llm_upper,left-minus-right,task_completion_rate,positive,50,300,0.42482142857142857,0.34857142857142853,0.07017857142857144,0.0632142857142857,0.07600000000000001,0,7.78873351726538e-10,1.0,0.03,True,4.672185110313846e-09
ANNOTATION_POLICY_SENSITIVITY,CF_FIT_minus_S2,frozen_llm_upper,left-minus-right,dead_letter_rate,negative,50,300,0.5746428571428571,0.04196428571428572,0.5282142857142857,0.5221428571428571,0.5389285714285714,0,7.783459586416516e-10,1.0,0.03,False,4.670075751849909e-09
ANNOTATION_POLICY_SENSITIVITY,CF_FIT_minus_S2,frozen_llm_upper,left-minus-right,unsettled_rate,negative,50,300,0.0,0.6060714285714286,-0.6060714285714286,-0.6103571428571428,-0.5971428571428572,0,7.779945414389834e-10,-1.0,0.03,True,4.665859600360563e-09
ANNOTATION_POLICY_SENSITIVITY,CF_FIT_minus_S2,frozen_llm_upper,left-minus-right,productive_utilization,positive,50,300,0.88190662981637,0.5513789696131224,0.32901539823569936,0.3220893473186192,0.33628540662870493,0,7.790492207218426e-10,1.0,,,4.674295324331055e-09
ANNOTATION_POLICY_SENSITIVITY,CF_FIT_minus_CENTRAL_FIT,frozen_llm_upper,left-minus-right,cost_per_verified_task,negative,50,300,1.1178576449277053,1.1117140189407542,0.00394055040126573,0.0009045572192961648,0.009601496690919475,440.0,0.05721092234120361,0.30980392156862746,,,0.17163276702361083
ANNOTATION_POLICY_SENSITIVITY,CF_FIT_minus_CENTRAL_FIT,frozen_llm_upper,left-minus-right,verified_throughput,positive,50,300,0.43877603297128703,0.4466224331404178,-0.0068904576745144885,-0.008257063833001496,-0.004024577007706143,231.0,8.883189244448554e-05,-0.6376470588235295,,,0.00026649567733345663
ANNOTATION_POLICY_SENSITIVITY,CF_FIT_minus_CENTRAL_FIT,frozen_llm_upper,left-minus-right,p95_terminal_flow_time,negative,50,300,175.2625,178.04999999999995,0.5124999999999886,-1.2624999999999886,2.937500000000057,527.5,0.4005787923320698,0.13877551020408163,,,0.6128096683333494
ANNOTATION_POLICY_SENSITIVITY,CF_FIT_minus_CENTRAL_FIT,frozen_llm_upper,left-minus-right,task_completion_rate,positive,50,300,0.42482142857142857,0.42839285714285713,-0.006250000000000019,-0.007678571428571437,-0.0035714285714285587,231.5,9.061047373631319e-05,-0.6368627450980392,0.03,True,0.0002718314212089396
ANNOTATION_POLICY_SENSITIVITY,CF_FIT_minus_CENTRAL_FIT,frozen_llm_upper,left-minus-right,dead_letter_rate,negative,50,300,0.5746428571428571,0.5716071428571429,0.005249999999999991,0.00028571428571427804,0.008214285714285702,347.5,0.00850987746526818,0.4326530612244898,0.03,True,0.025529632395804542
ANNOTATION_POLICY_SENSITIVITY,CF_FIT_minus_CENTRAL_FIT,frozen_llm_upper,left-minus-right,unsettled_rate,negative,50,300,0.0,0.0,0.0,0.0,0.0,0,1.0,1.0,0.03,True,1.0
ANNOTATION_POLICY_SENSITIVITY,CF_FIT_minus_CENTRAL_FIT,frozen_llm_upper,left-minus-right,productive_utilization,positive,50,300,0.88190662981637,0.8940715018165191,-0.012192104036040458,-0.01440358878432585,-0.011170143842433339,6.0,1.1205424462339812e-09,-0.9905882352941177,,,4.674295324331055e-09
