resource_regime,strategy,cause,time_tick,runs,median_cumulative_incidence,p025_run_distribution,p975_run_distribution
R0,CF_FIT,VERIFIED,50,450,0.20642857142857146,0.11801785714285715,0.6403928571428572
R0,CF_FIT,VERIFIED,100,450,0.3250000000000004,0.2114285714285713,0.8226964285714284
R0,CF_FIT,VERIFIED,250,450,0.46650104735018394,0.3420000000000002,0.853642857142856
R0,CF_FIT,VERIFIED,500,450,0.5829138945507615,0.3424500000000002,0.853642857142856
R0,CF_FIT,VERIFIED,1000,450,0.5903571428571424,0.3424500000000002,0.853642857142856
R0,CF_FIT,DEAD_LETTER,50,450,0.05357142857142858,0.0,0.13264642857142855
R0,CF_FIT,DEAD_LETTER,100,450,0.31785714285714284,0.03285714285714286,0.5044249999999998
R0,CF_FIT,DEAD_LETTER,250,450,0.4096428571428572,0.13746413995079404,0.6557750000000002
R0,CF_FIT,DEAD_LETTER,500,450,0.4096428571428572,0.14635714285714274,0.6575500000000001
R0,CF_FIT,DEAD_LETTER,1000,450,0.4096428571428572,0.14635714285714274,0.6575500000000001
R0,CENTRAL_FIT,VERIFIED,50,450,0.20500000000000002,0.12016071428571423,0.6500000000000001
R0,CENTRAL_FIT,VERIFIED,100,450,0.3185714285714289,0.20944642857142853,0.8318214285714282
R0,CENTRAL_FIT,VERIFIED,250,450,0.4672136246954942,0.33890000000000026,0.8648392857142845
R0,CENTRAL_FIT,VERIFIED,500,450,0.589905888013354,0.34235000000000027,0.8648392857142845
R0,CENTRAL_FIT,VERIFIED,1000,450,0.602146267454623,0.34235000000000027,0.8648392857142845
R0,CENTRAL_FIT,DEAD_LETTER,50,450,0.05949999999999998,0.002142857142857142,0.13199999999999998
R0,CENTRAL_FIT,DEAD_LETTER,100,450,0.30914285714285716,0.035321428571428566,0.4977750000000001
R0,CENTRAL_FIT,DEAD_LETTER,250,450,0.3957142857142859,0.13444642857142852,0.6533250000000003
R0,CENTRAL_FIT,DEAD_LETTER,500,450,0.3957142857142859,0.13516071428571416,0.6576500000000002
R0,CENTRAL_FIT,DEAD_LETTER,1000,450,0.3957142857142859,0.13516071428571416,0.6576500000000002
R0,S1,VERIFIED,50,450,0.057142857142857134,0.015714285714285715,0.3607857142857143
R0,S1,VERIFIED,100,450,0.12600000000000006,0.03928571428571431,0.4142857142857144
R0,S1,VERIFIED,250,450,0.2511160420629638,0.11320082684470467,0.48146052103252623
R0,S1,VERIFIED,500,450,0.3834933903560631,0.23288869754288352,0.5953868795189007
R0,S1,VERIFIED,1000,450,0.5083533664806399,0.3389678653633886,0.7191285998036441
R0,S1,DEAD_LETTER,50,450,0.008571428571428574,0.0,0.09571428571428567
R0,S1,DEAD_LETTER,100,450,0.021428571428571422,0.003,0.1576964285714285
R0,S1,DEAD_LETTER,250,450,0.06038516478816853,0.020784595881868536,0.27808339908289076
R0,S1,DEAD_LETTER,500,450,0.12958108349561182,0.06082797025912526,0.3745472480783937
R0,S1,DEAD_LETTER,1000,450,0.2942732607854962,0.13826155705332827,0.5005485906404672
R0,S2,VERIFIED,50,450,0.16800000000000004,0.13655714285714288,0.4089642857142856
R0,S2,VERIFIED,100,450,0.21749999999999997,0.157,0.5793928571428565
R0,S2,VERIFIED,250,450,0.2712585179554976,0.18452841756059976,0.7932749941180198
R0,S2,VERIFIED,500,450,0.3121767010580062,0.25133172950100874,0.8860151151572787
R0,S2,VERIFIED,1000,450,0.430727053300021,0.3230394138663582,0.9176211747768356
R0,S2,DEAD_LETTER,50,450,0.021071428571428567,0.004285714285714285,0.06000000000000001
R0,S2,DEAD_LETTER,100,450,0.025,0.004999999999999999,0.06642857142857143
R0,S2,DEAD_LETTER,250,450,0.03071588694737734,0.007625000000000005,0.08780734954755082
R0,S2,DEAD_LETTER,500,450,0.040603890754746415,0.011892002433038285,0.1015200901901759
R0,S2,DEAD_LETTER,1000,450,0.058693956809620286,0.015178085722634616,0.12623081385116924
R0,S3,VERIFIED,50,450,0.1307142857142857,0.06714285714285714,0.3263392857142855
R0,S3,VERIFIED,100,450,0.20500000000000002,0.12703214285714293,0.5161071428571428
R0,S3,VERIFIED,250,450,0.3483855013954541,0.2400910955447862,0.741426539612059
R0,S3,VERIFIED,500,450,0.4982130313656997,0.3427288848240331,0.7933000045934383
R0,S3,VERIFIED,1000,450,0.5787571564117893,0.4293585457148665,0.80979522640388
R0,S3,DEAD_LETTER,50,450,0.016214285714285712,0.0,0.08922142857142856
R0,S3,DEAD_LETTER,100,450,0.038000000000000006,0.004285714285714285,0.15477500000000002
R0,S3,DEAD_LETTER,250,450,0.09179142133064316,0.023629702473004884,0.2652175459730009
R0,S3,DEAD_LETTER,500,450,0.17393191724713036,0.0663656697016799,0.39567304096389705
R0,S3,DEAD_LETTER,1000,450,0.30303011987277156,0.13364972378230483,0.4582794521703737
R1,CF_FIT,VERIFIED,50,450,0.2025714285714286,0.11373214285714289,0.6690357142857141
R1,CF_FIT,VERIFIED,100,450,0.3260000000000002,0.20516071428571422,0.8339642857142859
R1,CF_FIT,VERIFIED,250,450,0.47639718024050326,0.34945000000000026,0.8741249999999993
R1,CF_FIT,VERIFIED,500,450,0.5970000000000004,0.35500000000000026,0.8741249999999993
R1,CF_FIT,VERIFIED,1000,450,0.6149999999999999,0.35500000000000026,0.8741249999999993
R1,CF_FIT,DEAD_LETTER,50,450,0.050499999999999996,0.0,0.1389035714285714
R1,CF_FIT,DEAD_LETTER,100,450,0.2958571428571428,0.029446428571428557,0.4637750000000001
R1,CF_FIT,DEAD_LETTER,250,450,0.38214285714285745,0.11908849575088178,0.6380000000000003
R1,CF_FIT,DEAD_LETTER,500,450,0.38214285714285745,0.12587499999999996,0.6450000000000002
R1,CF_FIT,DEAD_LETTER,1000,450,0.38214285714285745,0.12587499999999996,0.6450000000000002
R1,CENTRAL_FIT,VERIFIED,50,450,0.20350000000000013,0.11587499999999998,0.684357142857143
R1,CENTRAL_FIT,VERIFIED,100,450,0.3239285714285717,0.20499999999999988,0.8526964285714284
R1,CENTRAL_FIT,VERIFIED,250,450,0.48535714285714415,0.3625302360816641,0.884124999999999
R1,CENTRAL_FIT,VERIFIED,500,450,0.611859995367936,0.3670321428571433,0.884124999999999
R1,CENTRAL_FIT,VERIFIED,1000,450,0.6214649980667245,0.3670321428571433,0.884124999999999
R1,CENTRAL_FIT,DEAD_LETTER,50,450,0.05214285714285716,0.0021428571428571425,0.1371428571428572
R1,CENTRAL_FIT,DEAD_LETTER,100,450,0.2878571428571428,0.025482142857142863,0.46287500000000004
R1,CENTRAL_FIT,DEAD_LETTER,250,450,0.3780000000000001,0.115875,0.6310000000000001
R1,CENTRAL_FIT,DEAD_LETTER,500,450,0.3780000000000001,0.115875,0.6329678571428572
R1,CENTRAL_FIT,DEAD_LETTER,1000,450,0.3780000000000001,0.115875,0.6329678571428572
R1,S1,VERIFIED,50,450,0.07000000000000002,0.015875,0.32260714285714287
R1,S1,VERIFIED,100,450,0.15742857142857145,0.03873214285714287,0.4016607142857146
R1,S1,VERIFIED,250,450,0.24869440990742045,0.11326993269617917,0.4806007314236869
R1,S1,VERIFIED,500,450,0.36602521875895233,0.2252769735732726,0.589149510353689
R1,S1,VERIFIED,1000,450,0.4942773496743582,0.3301880079435154,0.7277139280592606
R1,S1,DEAD_LETTER,50,450,0.00857142857142857,0.0,0.06682142857142857
R1,S1,DEAD_LETTER,100,450,0.01857142857142857,0.0029999999999999996,0.1363392857142856
R1,S1,DEAD_LETTER,250,450,0.05030113183298618,0.01767506454047305,0.2772490162232195
R1,S1,DEAD_LETTER,500,450,0.11359647846206017,0.05072247698442588,0.3620794621485298
R1,S1,DEAD_LETTER,1000,450,0.2475388914852441,0.10878992329061729,0.5005635813274187
R1,S2,VERIFIED,50,450,0.1707142857142856,0.13658928571428575,0.432517857142857
R1,S2,VERIFIED,100,450,0.2207142857142857,0.16000000000000003,0.6620535714285716
R1,S2,VERIFIED,250,450,0.2770941242689686,0.19313277911830354,0.8767333972595992
R1,S2,VERIFIED,500,450,0.3297931623265509,0.2709960612289309,0.9139778417373158
R1,S2,VERIFIED,1000,450,0.46712234965235766,0.3471075681134122,0.9209473111668376
R1,S2,DEAD_LETTER,50,450,0.020000000000000004,0.004285714285714285,0.06000000000000002
R1,S2,DEAD_LETTER,100,450,0.025,0.004999999999999999,0.06642857142857145
R1,S2,DEAD_LETTER,250,450,0.03200553040372144,0.009285714285714283,0.09660144482493359
R1,S2,DEAD_LETTER,500,450,0.04350536594226785,0.014495245199015495,0.10627003075914838
R1,S2,DEAD_LETTER,1000,450,0.06141523797643221,0.019132240215533027,0.125688088590757
R1,S3,VERIFIED,50,450,0.14792857142857144,0.08016071428571432,0.3016607142857142
R1,S3,VERIFIED,100,450,0.21964285714285706,0.1420321428571429,0.4119821428571432
R1,S3,VERIFIED,250,450,0.3380653551409146,0.24333532708200004,0.6422167120042693
R1,S3,VERIFIED,500,450,0.46858699764770895,0.33616335230330063,0.7660010467209541
R1,S3,VERIFIED,1000,450,0.5671015157527841,0.4202815829137431,0.8055717422482996
R1,S3,DEAD_LETTER,50,450,0.01714285714285714,0.0,0.08977499999999998
R1,S3,DEAD_LETTER,100,450,0.03828571428571428,0.004446428571428572,0.13545357142857142
R1,S3,DEAD_LETTER,250,450,0.08614222915006922,0.021829804370762672,0.20967110877408662
R1,S3,DEAD_LETTER,500,450,0.1554668003670423,0.05834722674855607,0.3183417554267548
R1,S3,DEAD_LETTER,1000,450,0.2711824855748408,0.12012514178938226,0.4458294855301985
