family,resource_regime,strategy,runs,cost_per_verified_task,verified_throughput,p95_terminal_flow_time,task_completion_rate,dead_letter_rate,unsettled_rate,productive_utilization,team,ablation,difficulty_profile,fallback
RQ1,R0,CENTRAL_FIT,450,1.094733980446881,0.4476516986750003,159.04999999999995,0.5571428571428572,0.3957142857142857,0.0,0.8635035049196399,,,,
RQ1,R0,CF_FIT,450,1.0987432888635809,0.44468401045378947,159.07499999999993,0.555,0.40964285714285714,0.0,0.8508813032761631,,,,
RQ1,R0,S1,450,0.9874964404366399,0.31182365187947564,839.0,0.39357142857142857,0.15964285714285714,0.4564285714285714,0.6867176618741851,,,,
RQ1,R0,S2,450,0.7187827053898483,0.3428757914030822,885.5,0.3765,0.04642857142857143,0.5732142857142857,0.5224228114702503,,,,
RQ1,R0,S3,450,1.055727916281933,0.4224651452961807,668.5,0.4970714285714286,0.181,0.3512142857142857,0.9336253525516759,,,,
RQ1,R1,CENTRAL_FIT,450,1.6300961566268546,0.4662408286577471,166.5,0.5732142857142857,0.378,0.0,0.8754042045176031,,,,
RQ1,R1,CF_FIT,450,1.6519679684418147,0.45656331165660946,165.0,0.5646428571428571,0.3821428571428571,0.0,0.8628648725884656,,,,
RQ1,R1,S1,450,0.9578076344894235,0.317934065728565,861.0,0.38285714285714284,0.14821428571428572,0.4757142857142857,0.694557605940828,,,,
RQ1,R1,S2,450,1.5850981969101237,0.358471063958186,869.5,0.411,0.04892857142857143,0.5420714285714285,0.5239260904256293,,,,
RQ1,R1,S3,450,1.504571174429178,0.41827110269733225,731.55,0.4815,0.1692857142857143,0.3765,0.9008870272971534,,,,
RQ2,R0,,450,1.1726926432730354,0.44675174484661584,714.5249999999995,0.5182142857142857,0.15792857142857142,0.3424285714285714,0.9613151965778933,H0,,,
RQ2,R0,,450,1.0987432888635809,0.44468401045378947,159.07499999999993,0.555,0.40964285714285714,0.0,0.8508813032761631,H1,,,
RQ2,R0,,450,1.0889964391175961,0.43888655314974423,152.0,0.5363571428571429,0.41714285714285715,0.0,0.8287949943107625,H2,,,
RQ2,R1,,450,1.1726926432730354,0.44675174484661584,714.5249999999995,0.5182142857142857,0.15792857142857142,0.3424285714285714,0.9613151965778933,H0,,,
RQ2,R1,,450,1.6519679684418147,0.45656331165660946,165.0,0.5646428571428571,0.3821428571428571,0.0,0.8628648725884656,H1,,,
RQ2,R1,,450,2.1407714489339105,0.46874301972801063,159.0,0.5553571428571429,0.36692857142857144,0.0,0.8426242843534638,H2,,,
RQ3,R0,,600,1.0267832432432433,0.4436159715369755,661.0,0.441,0.1467857142857143,0.40814285714285714,0.9671210481168405,,A1,,
RQ3,R0,,600,1.1020435352358766,0.4529301527252347,254.04999999999995,0.44085714285714284,0.542,0.014285714285714285,0.9295068475215171,,A2,,
RQ3,R0,,600,1.0770191945671108,0.4520422531291915,172.0,0.4367142857142857,0.5632857142857143,0.0,0.8723346305952291,,A3,,
RQ3,R0,,600,1.213454455567915,0.3229908100597756,100.54999999999995,0.32071428571428573,0.6792857142857143,0.0,0.5579255638508928,,A4,,
RQ3,R0,,600,1.0766263176701805,0.4525915923675092,175.02499999999998,0.4396428571428571,0.5603571428571429,0.0,0.8784036595417254,,FULL,,
RQ3,R1,,600,1.601491936808224,0.46211132204002064,648.0749999999999,0.46171428571428574,0.13914285714285715,0.40214285714285714,0.966276099322184,,A1,,
RQ3,R1,,600,1.7385340273206058,0.4733756451308019,266.025,0.462,0.512,0.025857142857142856,0.9305475429410917,,A2,,
RQ3,R1,,600,1.6656342762466245,0.47353565365025463,183.02499999999998,0.4605,0.5395000000000001,0.0,0.886866785293059,,A3,,
RQ3,R1,,600,1.9794177890011224,0.35059056969286617,100.0,0.345,0.655,0.0,0.5690337771649269,,A4,,
RQ3,R1,,600,1.6754698040596625,0.47283668201582296,185.04999999999995,0.4592857142857143,0.5407142857142857,0.0,0.8888982963875205,,FULL,,
E4,R0,,600,2.806291139240506,0.12209340283262254,71.5,0.1012142857142857,0.8987857142857143,0.0,0.21114344542562363,,,D3_HEAVY,F0
E4,R0,,600,2.8262716049382717,0.12009215205088396,69.52499999999998,0.10071428571428573,0.8992857142857142,0.0,0.2100510129088196,,,D3_HEAVY,F1
E4,R0,,600,1.523066308997826,0.2866309705932347,116.5,0.21592857142857141,0.7840714285714285,0.0,0.6284665021733136,,,D3_HEAVY,F2
E4,R0,,600,1.5230291145710466,0.32328922921626146,136.04999999999995,0.27249999999999996,0.7275,0.0,0.8601358193463456,,,D3_HEAVY,F3
E4,R0,,600,1.2951825772557481,0.2859943977591036,80.0,0.2382142857142857,0.7617857142857143,0.0,0.42396996942451487,,,mixed,F0
E4,R0,,600,1.2998418524871356,0.28746682127311957,80.5,0.2375,0.7625,0.0,0.4178033141101323,,,mixed,F1
E4,R0,,600,1.1151961627871871,0.43569153776160147,155.02499999999998,0.4,0.5996428571428571,0.0,0.8414510588874886,,,mixed,F2
E4,R0,,600,1.1470866471817067,0.4241774385751062,135.04999999999995,0.383,0.617,0.0,0.8902634258843263,,,mixed,F3
E4,R1,,600,2.9635676814585485,0.12740922522161566,70.5,0.1047142857142857,0.8952857142857142,0.0,0.21884805597676885,,,D3_HEAVY,F0
E4,R1,,600,2.973972402597403,0.12838483497771322,71.0,0.1052142857142857,0.8947857142857143,0.0,0.21862026712139201,,,D3_HEAVY,F1
E4,R1,,600,1.7353916856681029,0.28309153973759615,120.0,0.2212142857142857,0.7787857142857143,0.0,0.6568231313409811,,,D3_HEAVY,F2
E4,R1,,600,1.405521002221822,0.3223922478400955,137.02499999999998,0.273,0.727,0.0,0.8639112383032888,,,D3_HEAVY,F3
E4,R1,,600,1.6762942971713022,0.3001218685527477,82.0,0.2425,0.7575000000000001,0.0,0.4451548400801677,,,mixed,F0
E4,R1,,600,1.6809425475362914,0.2983910997004707,81.5,0.24357142857142855,0.7564285714285715,0.0,0.44681028857372873,,,mixed,F1
E4,R1,,600,1.066553854505972,0.44823067220092394,161.02499999999998,0.404,0.5954999999999999,0.0,0.8573163939337236,,,mixed,F2
E4,R1,,600,1.018097356295577,0.436249544480886,135.0999999999999,0.3792857142857143,0.6207142857142857,0.0,0.8943579168980549,,,mixed,F3
