resource_regime,objective_space,strategy,x_metric,x_value,x_preference,y_metric,y_value,y_preference,pareto_nondominated
R0,economic,CENTRAL_FIT,cost_per_verified_task,1.094733980446881,minimize,verified_throughput,0.4476516986750003,maximize,True
R0,economic,CF_FIT,cost_per_verified_task,1.0987432888635809,minimize,verified_throughput,0.4446840104537894,maximize,False
R0,economic,S1,cost_per_verified_task,0.98749644043664,minimize,verified_throughput,0.3118236518794756,maximize,False
R0,economic,S2,cost_per_verified_task,0.7187827053898483,minimize,verified_throughput,0.3428757914030822,maximize,True
R0,economic,S3,cost_per_verified_task,1.055727916281933,minimize,verified_throughput,0.4224651452961807,maximize,True
R0,service_quality,CENTRAL_FIT,p95_terminal_flow_time,159.04999999999995,minimize,task_completion_rate,0.5571428571428572,maximize,True
R0,service_quality,CF_FIT,p95_terminal_flow_time,159.07499999999993,minimize,task_completion_rate,0.555,maximize,False
R0,service_quality,S1,p95_terminal_flow_time,839.0,minimize,task_completion_rate,0.3935714285714285,maximize,False
R0,service_quality,S2,p95_terminal_flow_time,885.5,minimize,task_completion_rate,0.3765,maximize,False
R0,service_quality,S3,p95_terminal_flow_time,668.5,minimize,task_completion_rate,0.4970714285714286,maximize,False
R1,economic,CENTRAL_FIT,cost_per_verified_task,1.6300961566268546,minimize,verified_throughput,0.4662408286577471,maximize,True
R1,economic,CF_FIT,cost_per_verified_task,1.6519679684418147,minimize,verified_throughput,0.4565633116566094,maximize,False
R1,economic,S1,cost_per_verified_task,0.9578076344894236,minimize,verified_throughput,0.317934065728565,maximize,True
R1,economic,S2,cost_per_verified_task,1.5850981969101237,minimize,verified_throughput,0.358471063958186,maximize,False
R1,economic,S3,cost_per_verified_task,1.504571174429178,minimize,verified_throughput,0.4182711026973322,maximize,True
R1,service_quality,CENTRAL_FIT,p95_terminal_flow_time,166.5,minimize,task_completion_rate,0.5732142857142857,maximize,True
R1,service_quality,CF_FIT,p95_terminal_flow_time,165.0,minimize,task_completion_rate,0.5646428571428571,maximize,True
R1,service_quality,S1,p95_terminal_flow_time,861.0,minimize,task_completion_rate,0.3828571428571428,maximize,False
R1,service_quality,S2,p95_terminal_flow_time,869.5,minimize,task_completion_rate,0.411,maximize,False
R1,service_quality,S3,p95_terminal_flow_time,731.55,minimize,task_completion_rate,0.4815,maximize,False
