condition_id,evidence_phase,seed,policy,tasks_verified,completion_rate,tasks_dead_letter,provider_calls_completed,input_tokens,output_tokens,total_cost,cost_per_verified_task,run_wall_time_seconds,verified_throughput_per_second,resource_utilization,p95_terminal_flow_time_seconds,stand_down_events,retry_events,batch,run_path,timing_valid,timing_anomaly_calls,max_nonprovider_gap_seconds,transient_adapter_error_rows
HET_FULL,main_real_llm_reference,3000,CF_FIT,26,0.43333333333333335,,132,,,0.123874914,0.004764419769230769,227.9567186000022,0.11405673919013742,0.9429344812476308,218.43163490000006,,,20260927T062207Z,main_mfec_output\20260927T062207Z\CF_FIT__s3000,True,0,0.5745991000003414,0
HET_FULL,main_real_llm_reference,3001,CF_FIT,28,0.4666666666666667,,138,,,0.122495772,0.004374849,298.7089723999961,0.093736722318825,0.9130071550092199,270.6535537999953,,,20260927T112124Z,main_mfec_output\20260927T112124Z\CF_FIT__s3001,True,0,1.489802399999462,0
HET_FULL,main_real_llm_reference,3002,CF_FIT,27,0.45,,128,,,0.11952144,0.00442672,277.5600090000007,0.09727626143721566,0.886113640143772,226.4954904999977,,,20260927T112124Z,main_mfec_output\20260927T112124Z\CF_FIT__s3002,True,0,0.5584263999990071,0
HET_FULL,main_real_llm_reference,3003,CF_FIT,23,0.38333333333333336,,137,,,0.125384252,0.005451489217391304,244.56830769999942,0.09404325612054784,0.9482596621547056,231.86775689999922,,,20260927T112124Z,main_mfec_output\20260927T112124Z\CF_FIT__s3003,True,0,0.9176240000015241,0
HET_FULL,main_real_llm_reference,3004,CF_FIT,25,0.4166666666666667,,137,,,0.12274788,0.0049099152,249.168531000003,0.10033369743629343,0.9484395804380654,240.06156880000344,,,20260927T112124Z,main_mfec_output\20260927T112124Z\CF_FIT__s3004,True,0,0.6725702999974601,0
HET_FULL,main_real_llm_reference,3005,CF_FIT,24,0.4,,138,,,0.12529637,0.005220682083333333,296.60828959999344,0.0809147985458075,0.8608363723673009,243.9377619999941,,,20260927T112124Z,main_mfec_output\20260927T112124Z\CF_FIT__s3005,True,0,0.39436320000095293,0
HET_FULL,main_real_llm_reference,3006,CF_FIT,22,0.36666666666666664,,140,,,0.128233952,0.0058288160000000006,364.8679415000006,0.060295787866580665,0.7982676817332435,257.9770972999977,,,20260927T112124Z,main_mfec_output\20260927T112124Z\CF_FIT__s3006,True,0,0.6225722000017413,0
HET_FULL,main_real_llm_reference,3007,CF_FIT,24,0.4,,140,,,0.129690752,0.005403781333333333,304.0279301999981,0.07894011574598468,0.869853682278621,251.54763210000237,,,20260927T112124Z,main_mfec_output\20260927T112124Z\CF_FIT__s3007,True,0,0.8874781999984407,0
HET_FULL,main_real_llm_reference,3008,CF_FIT,24,0.4,,139,,,0.130566052,0.005440252166666666,313.96547469999496,0.07644152600833848,0.9290112678112643,293.69957269999577,,,20260927T112124Z,main_mfec_output\20260927T112124Z\CF_FIT__s3008,True,0,0.7947914999967907,0
HET_FULL,main_real_llm_reference,3009,CF_FIT,24,0.4,,133,,,0.123025206,0.00512605025,268.3335713999986,0.08944091443639662,0.8910913363758148,241.52167399999598,,,20260927T165610Z,main_mfec_output\20260927T165610Z\CF_FIT__s3009,True,0,8.046676899997692,0
HET_NO_STANDDOWN,supplementary_extension,3000,CF_FIT_NO_STANDDOWN,27,0.45,33,133,130956,49517,0.12727237,0.004713791481481482,255.63406880000548,0.10561972481501816,0.9398599779540919,244.02972059999593,0,73,20260928T031617Z,extension_mfec_output\HET_NO_STANDDOWN\20260928T031617Z\CF_FIT_NO_STANDDOWN__s3000,True,0,1.0044581000111066,0
HET_NO_STANDDOWN,supplementary_extension,3001,CF_FIT_NO_STANDDOWN,24,0.4,36,137,135325,54258,0.129332758,0.005388864916666666,261.1868076999963,0.09188825504374945,0.9486836588286814,252.80968500000017,0,77,20260928T031617Z,extension_mfec_output\HET_NO_STANDDOWN\20260928T031617Z\CF_FIT_NO_STANDDOWN__s3001,True,0,1.3672256999998353,0
HET_NO_STANDDOWN,supplementary_extension,3002,CF_FIT_NO_STANDDOWN,22,0.36666666666666664,38,144,137676,65213,0.13681996600000002,0.006219089363636365,393.85452190000797,0.055858188180420015,0.7697821552760493,269.8095147999993,0,84,20260928T031617Z,extension_mfec_output\HET_NO_STANDDOWN\20260928T031617Z\CF_FIT_NO_STANDDOWN__s3002,True,0,1.0682755000016186,0
HET_NO_STANDDOWN,supplementary_extension,3003,CF_FIT_NO_STANDDOWN,26,0.43333333333333335,34,132,126879,51770,0.121372986,0.00466819176923077,259.6367874999996,0.1001398925412295,0.9408771739123438,246.35007829999086,0,72,20260928T031617Z,extension_mfec_output\HET_NO_STANDDOWN\20260928T031617Z\CF_FIT_NO_STANDDOWN__s3003,True,0,1.205396400007885,0
HET_NO_STANDDOWN,supplementary_extension,3004,CF_FIT_NO_STANDDOWN,28,0.4666666666666667,32,130,125884,53465,0.118483038,0.004231537071428571,276.1360934999975,0.10139927615076605,0.9569233086631754,267.36692179999955,0,70,20260928T031617Z,extension_mfec_output\HET_NO_STANDDOWN\20260928T031617Z\CF_FIT_NO_STANDDOWN__s3004,True,0,1.7972322999994503,0
HET_NO_STANDDOWN,supplementary_extension,3005,CF_FIT_NO_STANDDOWN,27,0.45,33,128,126092,56800,0.11846103200000001,0.00438744562962963,300.8992852000083,0.0897310207368989,0.9512912161834878,293.95031780000136,0,68,20260928T031617Z,extension_mfec_output\HET_NO_STANDDOWN\20260928T031617Z\CF_FIT_NO_STANDDOWN__s3005,True,0,5.587097999989055,0
HET_NO_STANDDOWN,supplementary_extension,3006,CF_FIT_NO_STANDDOWN,24,0.4,36,139,134291,66879,0.130518928,0.005438288666666667,375.121527299998,0.0639792660601063,0.844669149081631,283.28500350000104,0,79,20260928T031617Z,extension_mfec_output\HET_NO_STANDDOWN\20260928T031617Z\CF_FIT_NO_STANDDOWN__s3006,True,0,1.6908964999893215,0
HET_NO_STANDDOWN,supplementary_extension,3007,CF_FIT_NO_STANDDOWN,22,0.36666666666666664,38,136,134588,51097,0.123066126,0.0055939148181818185,269.0119931000081,0.08178074050334723,0.9004449856502017,236.52359450000222,0,76,20260928T031617Z,extension_mfec_output\HET_NO_STANDDOWN\20260928T031617Z\CF_FIT_NO_STANDDOWN__s3007,True,0,1.536658900004113,0
HET_NO_STANDDOWN,supplementary_extension,3008,CF_FIT_NO_STANDDOWN,23,0.38333333333333336,37,140,135160,69319,0.133441284,0.005801794956521738,351.872727199996,0.0653645429784257,0.7936849639422959,251.3038644999906,0,80,20260928T031617Z,extension_mfec_output\HET_NO_STANDDOWN\20260928T031617Z\CF_FIT_NO_STANDDOWN__s3008,True,0,0.815751200003433,0
HET_NO_STANDDOWN,supplementary_extension,3009,CF_FIT_NO_STANDDOWN,24,0.4,36,134,130671,55166,0.12342021,0.00514250875,293.08982899998955,0.08188615784412244,0.8530900646390197,238.52025289999438,0,74,20260928T031617Z,extension_mfec_output\HET_NO_STANDDOWN\20260928T031617Z\CF_FIT_NO_STANDDOWN__s3009,True,0,0.49433300000964664,0
HOM_GLM_GENERALIST,supplementary_extension,3000,CF_FIT,51,0.85,9,85,76132,79162,0.04853552,0.0009516768627450981,569.9285327999969,0.08948490392197518,0.7833067009415403,554.1009752999962,0,25,20260928T040655Z,extension_mfec_output\HOM_GLM_GENERALIST\20260928T040655Z\CF_FIT__s3000,True,0,0.6473984000040218,0
HOM_GLM_GENERALIST,supplementary_extension,3001,CF_FIT,52,0.8666666666666667,8,82,71191,61376,0.03947737,0.0007591801923076923,656.8929956999928,0.07916053351214104,0.525321911166989,649.7947264999966,0,22,20260928T040655Z,extension_mfec_output\HOM_GLM_GENERALIST\20260928T040655Z\CF_FIT__s3001,True,0,1.3142290000105277,0
HOM_GLM_GENERALIST,supplementary_extension,3002,CF_FIT,50,0.8333333333333334,10,90,80005,73894,0.045000229999999995,0.0009000045999999999,456.5593577999971,0.10951478519886844,0.8257711042219006,448.54365829999733,0,30,20260928T040655Z,extension_mfec_output\HOM_GLM_GENERALIST\20260928T040655Z\CF_FIT__s3002,True,0,1.1056459999963408,0
HOM_GLM_GENERALIST,supplementary_extension,3003,CF_FIT,52,0.8666666666666667,8,84,74254,76936,0.04671074,0.0008982834615384616,993.9674341000064,0.05231559728823883,0.5214146644243478,804.9628856000054,0,24,20260928T040655Z,extension_mfec_output\HOM_GLM_GENERALIST\20260928T040655Z\CF_FIT__s3003,False,1,180.82619259999774,1
HOM_GLM_GENERALIST,supplementary_extension,3004,CF_FIT,52,0.8666666666666667,8,81,71151,64110,0.04136061,0.0007953963461538461,712.854938000004,0.07294611740488456,0.5283133873257383,704.8802752000047,0,21,20260928T111608Z,extension_mfec_output\HOM_GLM_GENERALIST\20260928T111608Z\CF_FIT__s3004,True,0,3.261204900001758,0
HOM_GLM_GENERALIST,supplementary_extension,3005,CF_FIT,52,0.8666666666666667,8,83,71850,73601,0.045527439999999995,0.0008755276923076923,580.2684215000045,0.08961369957989278,0.7655107500394246,469.5144486000063,0,23,20260928T111608Z,extension_mfec_output\HOM_GLM_GENERALIST\20260928T111608Z\CF_FIT__s3005,True,0,1.485813400009647,0
HOM_GLM_GENERALIST,supplementary_extension,3006,CF_FIT,54,0.9,6,82,72727,77690,0.04781869,0.0008855312962962963,643.2702736999927,0.08394605223928694,0.7035158507019947,499.48683229999733,0,22,20260928T111608Z,extension_mfec_output\HOM_GLM_GENERALIST\20260928T111608Z\CF_FIT__s3006,True,0,2.71146510001563,0
HOM_GLM_GENERALIST,supplementary_extension,3007,CF_FIT,50,0.8333333333333334,10,86,77111,75608,0.04704361,0.0009408722,15137.69192089999,0.00330301344889752,0.9993108492813068,15118.469759300002,0,26,20260928T111608Z,extension_mfec_output\HOM_GLM_GENERALIST\20260928T111608Z\CF_FIT__s3007,False,3,14670.669574900036,9
HOM_GLM_GENERALIST,supplementary_extension,3008,CF_FIT,53,0.8833333333333333,7,91,83192,98003,0.0588307,0.0011100132075471697,1292.2885079999978,0.041012513592669116,0.4534226033680963,1230.8846415000153,0,31,20260928T111608Z,extension_mfec_output\HOM_GLM_GENERALIST\20260928T111608Z\CF_FIT__s3008,True,0,1.1596277999924496,0
HOM_GLM_GENERALIST,supplementary_extension,3009,CF_FIT,54,0.9,6,78,68273,65869,0.04170089,0.0007722387037037037,703.3968681000115,0.07677031623109543,0.5465258884907449,659.3435832000105,0,18,20260928T111608Z,extension_mfec_output\HOM_GLM_GENERALIST\20260928T111608Z\CF_FIT__s3009,True,0,0.758639999985462,0
HOM_GPT_PROFILE,supplementary_extension,3000,CF_FIT,17,0.2833333333333333,43,146,143819,8408,0.13187625,0.0077574264705882355,127.32567429999472,0.13351588431368477,0.9743345672328053,120.86793819998275,0,86,20260928T163354Z,extension_mfec_output\HOM_GPT_PROFILE\20260928T163354Z\CF_FIT__s3000,True,0,1.0882937000133097,0
HOM_GPT_PROFILE,supplementary_extension,3001,CF_FIT,17,0.2833333333333333,43,146,143819,8384,0.12572025,0.007395308823529412,124.90902230000938,0.13609905583256432,0.9383683463512503,118.37943749999977,0,86,20260928T163354Z,extension_mfec_output\HOM_GPT_PROFILE\20260928T163354Z\CF_FIT__s3001,True,0,1.648603399982676,0
HOM_GPT_PROFILE,supplementary_extension,3002,CF_FIT,18,0.3,42,145,143488,8363,0.1271055,0.007061416666666667,129.3230648000026,0.13918630855089073,0.956116889057377,120.9459103999834,0,85,20260928T163354Z,extension_mfec_output\HOM_GPT_PROFILE\20260928T163354Z\CF_FIT__s3002,True,0,3.3999967999989167,0
HOM_GPT_PROFILE,supplementary_extension,3003,CF_FIT,17,0.2833333333333333,43,146,143819,8380,0.12743025,0.007495897058823529,136.2943888999871,0.12473000640161797,0.9448544938109102,130.87010559998453,0,86,20260928T163354Z,extension_mfec_output\HOM_GPT_PROFILE\20260928T163354Z\CF_FIT__s3003,True,0,2.108592100034002,0
HOM_GPT_PROFILE,supplementary_extension,3004,CF_FIT,17,0.2833333333333333,43,146,143819,8396,0.12577425,0.0073984852941176476,134.20285569998669,0.12667390653745744,0.9477421902576417,128.76633329998003,0,86,20260928T163354Z,extension_mfec_output\HOM_GPT_PROFILE\20260928T163354Z\CF_FIT__s3004,True,0,2.497114399971906,0
HOM_GPT_PROFILE,supplementary_extension,3005,CF_FIT,17,0.2833333333333333,43,146,143819,8374,0.12481125,0.007341838235294117,125.78688379999949,0.13514922610715052,0.9730796259172276,119.59216180001386,0,86,20260928T163354Z,extension_mfec_output\HOM_GPT_PROFILE\20260928T163354Z\CF_FIT__s3005,True,0,1.4442156000004616,0
HOM_GPT_PROFILE,supplementary_extension,3006,CF_FIT,18,0.3,42,145,143488,8373,0.1254225,0.0069679166666666665,118.7323810000089,0.1516014405539349,0.9824238727821195,115.09547860000748,0,85,20260928T163354Z,extension_mfec_output\HOM_GPT_PROFILE\20260928T163354Z\CF_FIT__s3006,True,0,0.5008228999795392,0
HOM_GPT_PROFILE,supplementary_extension,3007,CF_FIT,18,0.3,42,144,143157,8350,0.12507075,0.0069483750000000006,258.1924374999944,0.06971544238200389,0.9863126175669691,252.7171229000087,0,84,20260928T163354Z,extension_mfec_output\HOM_GPT_PROFILE\20260928T163354Z\CF_FIT__s3007,False,2,180.57546410002396,3
HOM_GPT_PROFILE,supplementary_extension,3008,CF_FIT,17,0.2833333333333333,43,146,143819,8392,0.12489225000000001,0.007346602941176471,126.80567319999682,0.13406340245666884,0.9385796118570047,122.21643949998543,0,86,20260928T163354Z,extension_mfec_output\HOM_GPT_PROFILE\20260928T163354Z\CF_FIT__s3008,True,0,0.6382816999976058,0
HOM_GPT_PROFILE,supplementary_extension,3009,CF_FIT,17,0.2833333333333333,43,146,143819,8370,0.12479325000000001,0.007340779411764706,122.60674009998911,0.1386546937479623,0.9315282420323424,118.12695809997967,0,86,20260928T163354Z,extension_mfec_output\HOM_GPT_PROFILE\20260928T163354Z\CF_FIT__s3009,True,0,0.44785460000275634,0
