metric,condition_id,n,mean,sd,median,timing_interpretation
completion_rate,HET_FULL,10,0.4116666666666667,0.03047970383187823,0.4,primary_extension_contrast
completion_rate,HET_NO_STANDDOWN,10,0.4116666666666667,0.03604695155001853,0.4,primary_extension_contrast
completion_rate,HOM_GLM_GENERALIST,10,0.8666666666666667,0.02357022603955158,0.8666666666666667,primary_extension_contrast
completion_rate,HOM_GPT_PROFILE,10,0.28833333333333333,0.008050764858994131,0.2833333333333333,primary_extension_contrast
total_cost,HET_FULL,10,0.125083659,0.0034981182738076286,0.124585642,primary_extension_contrast
total_cost,HET_NO_STANDDOWN,10,0.1262188698,0.006281588540697327,0.12534629,primary_extension_contrast
total_cost,HOM_GLM_GENERALIST,10,0.04620058,0.005367899949181451,0.04611909,primary_extension_contrast
total_cost,HOM_GPT_PROFILE,10,0.12628965,0.0021700436573949366,0.12557137499999999,primary_extension_contrast
cost_per_verified_task,HET_FULL,10,0.005094697501995541,0.0004720675489315913,0.005173366166666667,primary_extension_contrast
cost_per_verified_task,HET_NO_STANDDOWN,10,0.00515854274234437,0.0006456540696143881,0.005265686833333333,primary_extension_contrast
cost_per_verified_task,HOM_GLM_GENERALIST,10,0.000888872456259996,0.00010280220228255289,0.000891907378917379,primary_extension_contrast
cost_per_verified_task,HOM_GPT_PROFILE,10,0.007305404656862745,0.00025000719452367755,0.007344220588235294,primary_extension_contrast
run_wall_time_seconds,HET_FULL,10,284.5765746099987,40.00905387396677,287.0841492999971,exploratory_cross_window
run_wall_time_seconds,HET_NO_STANDDOWN,10,303.64436412000066,51.30753846172465,284.61296124999353,exploratory_cross_window
run_wall_time_seconds,HOM_GLM_GENERALIST,8,701.9324869499997,252.57153108898743,650.0816346999927,exploratory_cross_window
run_wall_time_seconds,HOM_GPT_PROFILE,9,127.3318537888861,5.435004653617586,126.80567319999682,exploratory_cross_window
verified_throughput_per_second,HET_FULL,10,0.08854798191061274,0.01497787393823815,0.09158881837761082,exploratory_cross_window
verified_throughput_per_second,HET_NO_STANDDOWN,10,0.08376470648540837,0.017238922493361526,0.08580858929051066,exploratory_cross_window
verified_throughput_per_second,HOM_GLM_GENERALIST,8,0.08030611521010168,0.01945415034938765,0.081553292875714,exploratory_cross_window
verified_throughput_per_second,HOM_GPT_PROFILE,9,0.1355193249446591,0.007771495318612075,0.13514922610715052,exploratory_cross_window
resource_utilization,HET_FULL,10,0.8987814859559639,0.047817941379623696,0.9020492456925173,exploratory_cross_window
resource_utilization,HET_NO_STANDDOWN,10,0.8899306654130978,0.06992759259141286,0.9201524818021468,exploratory_cross_window
resource_utilization,HOM_GLM_GENERALIST,8,0.6414610245320536,0.1434231235532467,0.6250208695963698,exploratory_cross_window
resource_utilization,HOM_GPT_PROFILE,9,0.9541142043665198,0.01837023566746119,0.9477421902576417,exploratory_cross_window
