metric,left_condition,right_condition,contrast_role,n_pairs,left_mean,right_mean,mean_difference_left_minus_right,median_difference_left_minus_right,median_difference_ci_low,median_difference_ci_high,relative_mean_change_percent,wilcoxon_w,p_raw,rank_biserial,interpretation_scope,p_holm
completion_rate,HET_NO_STANDDOWN,HET_FULL,RQ3 stand-down ablation,10,0.4116666666666667,0.4116666666666667,-5.551115123125783e-18,0.008333333333333331,-0.03333333333333338,0.04999999999999999,-1.348449017763348e-15,22.0,0.9765625,0.022222222222222223,component_ablation,0.9765625
completion_rate,HOM_GLM_GENERALIST,HET_FULL,RQ2 boundary,10,0.8666666666666667,0.4116666666666667,0.455,0.45833333333333337,0.41666666666666663,0.49166666666666664,110.52631578947368,0,0.001953125,1.0,boundary_not_mean_matched,0.005859375
completion_rate,HOM_GPT_PROFILE,HET_FULL,RQ2 boundary,10,0.28833333333333333,0.4116666666666667,-0.12333333333333335,-0.1166666666666667,-0.15000000000000002,-0.10000000000000003,-29.959514170040492,0,0.001953125,-1.0,boundary_not_mean_matched,0.005859375
total_cost,HET_NO_STANDDOWN,HET_FULL,RQ3 stand-down ablation,10,0.1262188698,0.125083659,0.0011352108000000014,0.0013399899999999992,-0.005317945999999997,0.004856108999999997,0.907561234677346,26.0,0.921875,0.05454545454545454,component_ablation,0.984375
total_cost,HOM_GLM_GENERALIST,HET_FULL,RQ2 boundary,10,0.04620058,0.125083659,-0.078883079,-0.080092096,-0.08198572900000001,-0.075339394,-63.06425605921872,0,0.001953125,-1.0,boundary_not_mean_matched,0.005859375
total_cost,HOM_GPT_PROFILE,HET_FULL,RQ2 boundary,10,0.12628965,0.125083659,0.0012059910000000035,0.0019070210000000018,-0.00281145200000002,0.005305215000000002,0.96414752305895,20.0,0.4921875,0.2727272727272727,boundary_not_mean_matched,0.984375
cost_per_verified_task,HET_NO_STANDDOWN,HET_FULL,RQ3 stand-down ablation,10,0.00515854274234437,0.005094697501995541,6.384524034883004e-05,-1.7084893874643684e-05,-0.000678378128571429,0.0005152372083333332,1.2531703859517178,27.0,1.0,-0.01818181818181818,component_ablation,1.0
cost_per_verified_task,HOM_GLM_GENERALIST,HET_FULL,RQ2 boundary,10,0.000888872456259996,0.005094697501995541,-0.0042058250457355445,-0.004337696675072569,-0.004462909133333333,-0.0038127429064856713,-82.55298855502541,0,0.001953125,-1.0,boundary_not_mean_matched,0.005859375
cost_per_verified_task,HOM_GPT_PROFILE,HET_FULL,RQ2 boundary,10,0.007305404656862745,0.005094697501995541,0.0022107071548672047,0.002167942656862745,0.0017945007540494462,0.002740788397737557,43.392314342535414,0,0.001953125,1.0,boundary_not_mean_matched,0.005859375
run_wall_time_seconds,HET_NO_STANDDOWN,HET_FULL,RQ3 stand-down ablation,10,303.64436412000066,284.5765746099987,19.067789510001965,19.912368699995568,-12.381175649996294,31.33175504999599,6.700407275663374,15.0,0.232421875,0.45454545454545453,exploratory_cross_window,0.232421875
run_wall_time_seconds,HOM_GLM_GENERALIST,HET_FULL,RQ2 boundary,8,701.9324869499997,287.1461885249987,414.78629842500095,350.07791874999566,278.4023321999921,463.68640700000105,144.45126385123166,0,0.0078125,1.0,exploratory_cross_window,0.015625
run_wall_time_seconds,HOM_GPT_PROFILE,HET_FULL,RQ2 boundary,9,127.3318537888861,282.41531287777656,-155.08345908889046,-148.2369441999981,-187.15980149999814,-108.27391880001232,-54.91326143352834,0,0.00390625,-1.0,exploratory_cross_window,0.01171875
verified_throughput_per_second,HET_NO_STANDDOWN,HET_FULL,RQ3 stand-down ablation,10,0.08376470648540837,0.08854798191061274,-0.004783275425204356,-0.0003914442803014673,-0.009315869811093482,0.004468630589022103,-5.40190224779258,21.0,0.556640625,-0.23636363636363636,exploratory_cross_window,0.556640625
verified_throughput_per_second,HOM_GLM_GENERALIST,HET_FULL,RQ2 boundary,8,0.08030611521010168,0.08906205590494935,-0.008755940694847662,-0.013623393505992579,-0.02738758003140887,0.012238523761652784,-9.83128067938647,8.0,0.1953125,-0.5555555555555556,exploratory_cross_window,0.390625
verified_throughput_per_second,HOM_GPT_PROFILE,HET_FULL,RQ2 boundary,9,0.1355193249446591,0.0896155225955714,0.04590380234908768,0.04236233351373932,0.02634020910116401,0.05762187644833036,51.22304821704644,0,0.00390625,1.0,exploratory_cross_window,0.01171875
resource_utilization,HET_NO_STANDDOWN,HET_FULL,RQ3 stand-down ablation,10,0.8899306654130978,0.8987814859559639,-0.008850820542866022,0.002704612465785572,-0.06185698655504224,0.03849638535998412,-0.9847577727362834,27.0,1.0,-0.01818181818181818,exploratory_cross_window,1.0
resource_utilization,HOM_GLM_GENERALIST,HET_FULL,RQ2 boundary,8,0.6414610245320536,0.8962126893907889,-0.25475166485873535,-0.2520966140955802,-0.42012619311232713,-0.09475183103124873,-28.425357939520563,0,0.0078125,-1.0,exploratory_cross_window,0.0234375
resource_utilization,HOM_GPT_PROFILE,HET_FULL,RQ2 boundary,9,0.9541142043665198,0.9019956863645575,0.0521185180019624,0.03140008598517452,-0.0006973901804236959,0.1122432535499267,5.778133841418149,3.0,0.01953125,0.8666666666666667,exploratory_cross_window,0.0390625
