case_id,item_id,workload,variant,stage,skill,dependency_count,adjudicated_difficulty,task_description,corpus_context,variant_context,execution_bundle,validator_command,executable_ready
RLLM001,adult_ml:V00:report,adult_ml,0,report,report,1,1,Perform stage 'report' requiring skill 'report' for the adult_ml variant described in variant_context. Respect 1 upstream dependencies and produce a verifiable stage output.,"{""missing_fraction"": 0.008824372466319971, ""positive_fraction"": 0.23928176569346055, ""records"": 48842}","{""age_band"": 1, ""description"": ""Adult classification subgroup defined by empirical age and weekly-hours quartiles."", ""hours_per_week_band"": 1, ""missing_fraction"": 0.014549, ""positive_fraction"": 0.025718, ""records"": 10965, ""stratum"": ""age_q1_hours_q1"", ""variant"": 0}",case_bundles/RLLM001,python validator.py --candidate {candidate},True
RLLM002,adult_ml:V03:validate_load,adult_ml,3,validate_load,data,0,1,Perform stage 'validate_load' requiring skill 'data' for the adult_ml variant described in variant_context. Respect 0 upstream dependencies and produce a verifiable stage output.,"{""missing_fraction"": 0.008824372466319971, ""positive_fraction"": 0.23928176569346055, ""records"": 48842}","{""age_band"": 1, ""description"": ""Adult classification subgroup defined by empirical age and weekly-hours quartiles."", ""hours_per_week_band"": 4, ""missing_fraction"": 0.006445, ""positive_fraction"": 0.116012, ""records"": 1655, ""stratum"": ""age_q1_hours_q4"", ""variant"": 3}",case_bundles/RLLM002,python validator.py --candidate {candidate},True
RLLM003,adult_ml:V06:validate_load,adult_ml,6,validate_load,data,0,1,Perform stage 'validate_load' requiring skill 'data' for the adult_ml variant described in variant_context. Respect 0 upstream dependencies and produce a verifiable stage output.,"{""missing_fraction"": 0.008824372466319971, ""positive_fraction"": 0.23928176569346055, ""records"": 48842}","{""age_band"": 2, ""description"": ""Adult classification subgroup defined by empirical age and weekly-hours quartiles."", ""hours_per_week_band"": 3, ""missing_fraction"": 0.002818, ""positive_fraction"": 0.332373, ""records"": 1041, ""stratum"": ""age_q2_hours_q3"", ""variant"": 6}",case_bundles/RLLM003,python validator.py --candidate {candidate},True
RLLM004,adult_ml:V10:report,adult_ml,10,report,report,1,1,Perform stage 'report' requiring skill 'report' for the adult_ml variant described in variant_context. Respect 1 upstream dependencies and produce a verifiable stage output.,"{""missing_fraction"": 0.008824372466319971, ""positive_fraction"": 0.23928176569346055, ""records"": 48842}","{""age_band"": 3, ""description"": ""Adult classification subgroup defined by empirical age and weekly-hours quartiles."", ""hours_per_week_band"": 3, ""missing_fraction"": 0.002217, ""positive_fraction"": 0.434783, ""records"": 1173, ""stratum"": ""age_q3_hours_q3"", ""variant"": 10}",case_bundles/RLLM004,python validator.py --candidate {candidate},True
RLLM005,adult_ml:V12:report,adult_ml,12,report,report,1,1,Perform stage 'report' requiring skill 'report' for the adult_ml variant described in variant_context. Respect 1 upstream dependencies and produce a verifiable stage output.,"{""missing_fraction"": 0.008824372466319971, ""positive_fraction"": 0.23928176569346055, ""records"": 48842}","{""age_band"": 4, ""description"": ""Adult classification subgroup defined by empirical age and weekly-hours quartiles."", ""hours_per_week_band"": 1, ""missing_fraction"": 0.015525, ""positive_fraction"": 0.260737, ""records"": 8219, ""stratum"": ""age_q4_hours_q1"", ""variant"": 12}",case_bundles/RLLM005,python validator.py --candidate {candidate},True
RLLM006,adult_ml:V15:validate_load,adult_ml,15,validate_load,data,0,1,Perform stage 'validate_load' requiring skill 'data' for the adult_ml variant described in variant_context. Respect 0 upstream dependencies and produce a verifiable stage output.,"{""missing_fraction"": 0.008824372466319971, ""positive_fraction"": 0.23928176569346055, ""records"": 48842}","{""age_band"": 4, ""description"": ""Adult classification subgroup defined by empirical age and weekly-hours quartiles."", ""hours_per_week_band"": 4, ""missing_fraction"": 0.006622, ""positive_fraction"": 0.513599, ""records"": 2537, ""stratum"": ""age_q4_hours_q4"", ""variant"": 15}",case_bundles/RLLM006,python validator.py --candidate {candidate},True
RLLM007,adult_ml:V00:baseline_model,adult_ml,0,baseline_model,ml,1,2,Perform stage 'baseline_model' requiring skill 'ml' for the adult_ml variant described in variant_context. Respect 1 upstream dependencies and produce a verifiable stage output.,"{""missing_fraction"": 0.008824372466319971, ""positive_fraction"": 0.23928176569346055, ""records"": 48842}","{""age_band"": 1, ""description"": ""Adult classification subgroup defined by empirical age and weekly-hours quartiles."", ""hours_per_week_band"": 1, ""missing_fraction"": 0.014549, ""positive_fraction"": 0.025718, ""records"": 10965, ""stratum"": ""age_q1_hours_q1"", ""variant"": 0}",case_bundles/RLLM007,python validator.py --candidate {candidate},True
RLLM008,adult_ml:V03:clean_feature,adult_ml,3,clean_feature,data,1,2,Perform stage 'clean_feature' requiring skill 'data' for the adult_ml variant described in variant_context. Respect 1 upstream dependencies and produce a verifiable stage output.,"{""missing_fraction"": 0.008824372466319971, ""positive_fraction"": 0.23928176569346055, ""records"": 48842}","{""age_band"": 1, ""description"": ""Adult classification subgroup defined by empirical age and weekly-hours quartiles."", ""hours_per_week_band"": 4, ""missing_fraction"": 0.006445, ""positive_fraction"": 0.116012, ""records"": 1655, ""stratum"": ""age_q1_hours_q4"", ""variant"": 3}",case_bundles/RLLM008,python validator.py --candidate {candidate},True
RLLM009,adult_ml:V06:clean_feature,adult_ml,6,clean_feature,data,1,2,Perform stage 'clean_feature' requiring skill 'data' for the adult_ml variant described in variant_context. Respect 1 upstream dependencies and produce a verifiable stage output.,"{""missing_fraction"": 0.008824372466319971, ""positive_fraction"": 0.23928176569346055, ""records"": 48842}","{""age_band"": 2, ""description"": ""Adult classification subgroup defined by empirical age and weekly-hours quartiles."", ""hours_per_week_band"": 3, ""missing_fraction"": 0.002818, ""positive_fraction"": 0.332373, ""records"": 1041, ""stratum"": ""age_q2_hours_q3"", ""variant"": 6}",case_bundles/RLLM009,python validator.py --candidate {candidate},True
RLLM010,adult_ml:V08:baseline_model,adult_ml,8,baseline_model,ml,1,2,Perform stage 'baseline_model' requiring skill 'ml' for the adult_ml variant described in variant_context. Respect 1 upstream dependencies and produce a verifiable stage output.,"{""missing_fraction"": 0.008824372466319971, ""positive_fraction"": 0.23928176569346055, ""records"": 48842}","{""age_band"": 3, ""description"": ""Adult classification subgroup defined by empirical age and weekly-hours quartiles."", ""hours_per_week_band"": 1, ""missing_fraction"": 0.004865, ""positive_fraction"": 0.288019, ""records"": 7687, ""stratum"": ""age_q3_hours_q1"", ""variant"": 8}",case_bundles/RLLM010,python validator.py --candidate {candidate},True
RLLM011,adult_ml:V10:evaluate,adult_ml,10,evaluate,test,2,2,Perform stage 'evaluate' requiring skill 'test' for the adult_ml variant described in variant_context. Respect 2 upstream dependencies and produce a verifiable stage output.,"{""missing_fraction"": 0.008824372466319971, ""positive_fraction"": 0.23928176569346055, ""records"": 48842}","{""age_band"": 3, ""description"": ""Adult classification subgroup defined by empirical age and weekly-hours quartiles."", ""hours_per_week_band"": 3, ""missing_fraction"": 0.002217, ""positive_fraction"": 0.434783, ""records"": 1173, ""stratum"": ""age_q3_hours_q3"", ""variant"": 10}",case_bundles/RLLM011,python validator.py --candidate {candidate},True
RLLM012,adult_ml:V12:evaluate,adult_ml,12,evaluate,test,2,2,Perform stage 'evaluate' requiring skill 'test' for the adult_ml variant described in variant_context. Respect 2 upstream dependencies and produce a verifiable stage output.,"{""missing_fraction"": 0.008824372466319971, ""positive_fraction"": 0.23928176569346055, ""records"": 48842}","{""age_band"": 4, ""description"": ""Adult classification subgroup defined by empirical age and weekly-hours quartiles."", ""hours_per_week_band"": 1, ""missing_fraction"": 0.015525, ""positive_fraction"": 0.260737, ""records"": 8219, ""stratum"": ""age_q4_hours_q1"", ""variant"": 12}",case_bundles/RLLM012,python validator.py --candidate {candidate},True
RLLM013,adult_ml:V15:evaluate,adult_ml,15,evaluate,test,2,2,Perform stage 'evaluate' requiring skill 'test' for the adult_ml variant described in variant_context. Respect 2 upstream dependencies and produce a verifiable stage output.,"{""missing_fraction"": 0.008824372466319971, ""positive_fraction"": 0.23928176569346055, ""records"": 48842}","{""age_band"": 4, ""description"": ""Adult classification subgroup defined by empirical age and weekly-hours quartiles."", ""hours_per_week_band"": 4, ""missing_fraction"": 0.006622, ""positive_fraction"": 0.513599, ""records"": 2537, ""stratum"": ""age_q4_hours_q4"", ""variant"": 15}",case_bundles/RLLM013,python validator.py --candidate {candidate},True
RLLM014,adult_ml:V00:advanced_model,adult_ml,0,advanced_model,ml,1,3,Perform stage 'advanced_model' requiring skill 'ml' for the adult_ml variant described in variant_context. Respect 1 upstream dependencies and produce a verifiable stage output.,"{""missing_fraction"": 0.008824372466319971, ""positive_fraction"": 0.23928176569346055, ""records"": 48842}","{""age_band"": 1, ""description"": ""Adult classification subgroup defined by empirical age and weekly-hours quartiles."", ""hours_per_week_band"": 1, ""missing_fraction"": 0.014549, ""positive_fraction"": 0.025718, ""records"": 10965, ""stratum"": ""age_q1_hours_q1"", ""variant"": 0}",case_bundles/RLLM014,python validator.py --candidate {candidate},True
RLLM015,adult_ml:V02:advanced_model,adult_ml,2,advanced_model,ml,1,3,Perform stage 'advanced_model' requiring skill 'ml' for the adult_ml variant described in variant_context. Respect 1 upstream dependencies and produce a verifiable stage output.,"{""missing_fraction"": 0.008824372466319971, ""positive_fraction"": 0.23928176569346055, ""records"": 48842}","{""age_band"": 1, ""description"": ""Adult classification subgroup defined by empirical age and weekly-hours quartiles."", ""hours_per_week_band"": 3, ""missing_fraction"": 0.008829, ""positive_fraction"": 0.110119, ""records"": 672, ""stratum"": ""age_q1_hours_q3"", ""variant"": 2}",case_bundles/RLLM015,python validator.py --candidate {candidate},True
RLLM016,adult_ml:V04:advanced_model,adult_ml,4,advanced_model,ml,1,3,Perform stage 'advanced_model' requiring skill 'ml' for the adult_ml variant described in variant_context. Respect 1 upstream dependencies and produce a verifiable stage output.,"{""missing_fraction"": 0.008824372466319971, ""positive_fraction"": 0.23928176569346055, ""records"": 48842}","{""age_band"": 2, ""description"": ""Adult classification subgroup defined by empirical age and weekly-hours quartiles."", ""hours_per_week_band"": 1, ""missing_fraction"": 0.006011, ""positive_fraction"": 0.171414, ""records"": 7619, ""stratum"": ""age_q2_hours_q1"", ""variant"": 4}",case_bundles/RLLM016,python validator.py --candidate {candidate},True
RLLM017,adult_ml:V07:advanced_model,adult_ml,7,advanced_model,ml,1,3,Perform stage 'advanced_model' requiring skill 'ml' for the adult_ml variant described in variant_context. Respect 1 upstream dependencies and produce a verifiable stage output.,"{""missing_fraction"": 0.008824372466319971, ""positive_fraction"": 0.23928176569346055, ""records"": 48842}","{""age_band"": 2, ""description"": ""Adult classification subgroup defined by empirical age and weekly-hours quartiles."", ""hours_per_week_band"": 4, ""missing_fraction"": 0.002956, ""positive_fraction"": 0.387161, ""records"": 3022, ""stratum"": ""age_q2_hours_q4"", ""variant"": 7}",case_bundles/RLLM017,python validator.py --candidate {candidate},True
RLLM018,adult_ml:V10:advanced_model,adult_ml,10,advanced_model,ml,1,3,Perform stage 'advanced_model' requiring skill 'ml' for the adult_ml variant described in variant_context. Respect 1 upstream dependencies and produce a verifiable stage output.,"{""missing_fraction"": 0.008824372466319971, ""positive_fraction"": 0.23928176569346055, ""records"": 48842}","{""age_band"": 3, ""description"": ""Adult classification subgroup defined by empirical age and weekly-hours quartiles."", ""hours_per_week_band"": 3, ""missing_fraction"": 0.002217, ""positive_fraction"": 0.434783, ""records"": 1173, ""stratum"": ""age_q3_hours_q3"", ""variant"": 10}",case_bundles/RLLM018,python validator.py --candidate {candidate},True
RLLM019,adult_ml:V14:advanced_model,adult_ml,14,advanced_model,ml,1,3,Perform stage 'advanced_model' requiring skill 'ml' for the adult_ml variant described in variant_context. Respect 1 upstream dependencies and produce a verifiable stage output.,"{""missing_fraction"": 0.008824372466319971, ""positive_fraction"": 0.23928176569346055, ""records"": 48842}","{""age_band"": 4, ""description"": ""Adult classification subgroup defined by empirical age and weekly-hours quartiles."", ""hours_per_week_band"": 3, ""missing_fraction"": 0.005839, ""positive_fraction"": 0.470588, ""records"": 765, ""stratum"": ""age_q4_hours_q3"", ""variant"": 14}",case_bundles/RLLM019,python validator.py --candidate {candidate},True
RLLM020,adult_ml:V15:advanced_model,adult_ml,15,advanced_model,ml,1,3,Perform stage 'advanced_model' requiring skill 'ml' for the adult_ml variant described in variant_context. Respect 1 upstream dependencies and produce a verifiable stage output.,"{""missing_fraction"": 0.008824372466319971, ""positive_fraction"": 0.23928176569346055, ""records"": 48842}","{""age_band"": 4, ""description"": ""Adult classification subgroup defined by empirical age and weekly-hours quartiles."", ""hours_per_week_band"": 4, ""missing_fraction"": 0.006622, ""positive_fraction"": 0.513599, ""records"": 2537, ""stratum"": ""age_q4_hours_q4"", ""variant"": 15}",case_bundles/RLLM020,python validator.py --candidate {candidate},True
RLLM021,beijing_ml:V00:report,beijing_ml,0,report,report,1,1,Perform stage 'report' requiring skill 'report' for the beijing_ml variant described in variant_context. Respect 1 upstream dependencies and produce a verifiable stage output.,"{""missing_fraction"": 0.009774058652538005, ""records"": 420768, ""stations"": 12}","{""description"": ""Beijing air-quality regression/time-series stratum with chronological validation required."", ""missing_pollutant_fraction"": 0.033729, ""pm25_median"": 58.0, ""records"": 35064, ""scope"": ""single_station"", ""stations"": 1, ""stratum"": ""station_Aotizhongxin"", ""variant"": 0}",case_bundles/RLLM021,python validator.py --candidate {candidate},True
RLLM022,beijing_ml:V02:report,beijing_ml,2,report,report,1,1,Perform stage 'report' requiring skill 'report' for the beijing_ml variant described in variant_context. Respect 1 upstream dependencies and produce a verifiable stage output.,"{""missing_fraction"": 0.009774058652538005, ""records"": 420768, ""stations"": 12}","{""description"": ""Beijing air-quality regression/time-series stratum with chronological validation required."", ""missing_pollutant_fraction"": 0.03149, ""pm25_median"": 41.0, ""records"": 35064, ""scope"": ""single_station"", ""stations"": 1, ""stratum"": ""station_Dingling"", ""variant"": 2}",case_bundles/RLLM022,python validator.py --candidate {candidate},True
RLLM023,beijing_ml:V04:report,beijing_ml,4,report,report,1,1,Perform stage 'report' requiring skill 'report' for the beijing_ml variant described in variant_context. Respect 1 upstream dependencies and produce a verifiable stage output.,"{""missing_fraction"": 0.009774058652538005, ""records"": 420768, ""stations"": 12}","{""description"": ""Beijing air-quality regression/time-series stratum with chronological validation required."", ""missing_pollutant_fraction"": 0.02426, ""pm25_median"": 59.0, ""records"": 35064, ""scope"": ""single_station"", ""stations"": 1, ""stratum"": ""station_Guanyuan"", ""variant"": 4}",case_bundles/RLLM023,python validator.py --candidate {candidate},True
RLLM024,beijing_ml:V07:report,beijing_ml,7,report,report,1,1,Perform stage 'report' requiring skill 'report' for the beijing_ml variant described in variant_context. Respect 1 upstream dependencies and produce a verifiable stage output.,"{""missing_fraction"": 0.009774058652538005, ""records"": 420768, ""stations"": 12}","{""description"": ""Beijing air-quality regression/time-series stratum with chronological validation required."", ""missing_pollutant_fraction"": 0.018623, ""pm25_median"": 59.0, ""records"": 35064, ""scope"": ""single_station"", ""stations"": 1, ""stratum"": ""station_Nongzhanguan"", ""variant"": 7}",case_bundles/RLLM024,python validator.py --candidate {candidate},True
RLLM025,beijing_ml:V09:report,beijing_ml,9,report,report,1,1,Perform stage 'report' requiring skill 'report' for the beijing_ml variant described in variant_context. Respect 1 upstream dependencies and produce a verifiable stage output.,"{""missing_fraction"": 0.009774058652538005, ""records"": 420768, ""stations"": 12}","{""description"": ""Beijing air-quality regression/time-series stratum with chronological validation required."", ""missing_pollutant_fraction"": 0.024265, ""pm25_median"": 59.0, ""records"": 35064, ""scope"": ""single_station"", ""stations"": 1, ""stratum"": ""station_Tiantan"", ""variant"": 9}",case_bundles/RLLM025,python validator.py --candidate {candidate},True
RLLM026,beijing_ml:V11:report,beijing_ml,11,report,report,1,1,Perform stage 'report' requiring skill 'report' for the beijing_ml variant described in variant_context. Respect 1 upstream dependencies and produce a verifiable stage output.,"{""missing_fraction"": 0.009774058652538005, ""records"": 420768, ""stations"": 12}","{""description"": ""Beijing air-quality regression/time-series stratum with chronological validation required."", ""missing_pollutant_fraction"": 0.023661, ""pm25_median"": 60.0, ""records"": 35064, ""scope"": ""single_station"", ""stations"": 1, ""stratum"": ""station_Wanshouxigong"", ""variant"": 11}",case_bundles/RLLM026,python validator.py --candidate {candidate},True
RLLM027,beijing_ml:V00:eda,beijing_ml,0,eda,analysis,1,2,Perform stage 'eda' requiring skill 'analysis' for the beijing_ml variant described in variant_context. Respect 1 upstream dependencies and produce a verifiable stage output.,"{""missing_fraction"": 0.009774058652538005, ""records"": 420768, ""stations"": 12}","{""description"": ""Beijing air-quality regression/time-series stratum with chronological validation required."", ""missing_pollutant_fraction"": 0.033729, ""pm25_median"": 58.0, ""records"": 35064, ""scope"": ""single_station"", ""stations"": 1, ""stratum"": ""station_Aotizhongxin"", ""variant"": 0}",case_bundles/RLLM027,python validator.py --candidate {candidate},True
RLLM028,beijing_ml:V02:validate_load,beijing_ml,2,validate_load,data,0,2,Perform stage 'validate_load' requiring skill 'data' for the beijing_ml variant described in variant_context. Respect 0 upstream dependencies and produce a verifiable stage output.,"{""missing_fraction"": 0.009774058652538005, ""records"": 420768, ""stations"": 12}","{""description"": ""Beijing air-quality regression/time-series stratum with chronological validation required."", ""missing_pollutant_fraction"": 0.03149, ""pm25_median"": 41.0, ""records"": 35064, ""scope"": ""single_station"", ""stations"": 1, ""stratum"": ""station_Dingling"", ""variant"": 2}",case_bundles/RLLM028,python validator.py --candidate {candidate},True
RLLM029,beijing_ml:V05:eda,beijing_ml,5,eda,analysis,1,2,Perform stage 'eda' requiring skill 'analysis' for the beijing_ml variant described in variant_context. Respect 1 upstream dependencies and produce a verifiable stage output.,"{""missing_fraction"": 0.009774058652538005, ""records"": 420768, ""stations"": 12}","{""description"": ""Beijing air-quality regression/time-series stratum with chronological validation required."", ""missing_pollutant_fraction"": 0.020591, ""pm25_median"": 60.0, ""records"": 35064, ""scope"": ""single_station"", ""stations"": 1, ""stratum"": ""station_Gucheng"", ""variant"": 5}",case_bundles/RLLM029,python validator.py --candidate {candidate},True
RLLM030,beijing_ml:V08:eda,beijing_ml,8,eda,analysis,1,2,Perform stage 'eda' requiring skill 'analysis' for the beijing_ml variant described in variant_context. Respect 1 upstream dependencies and produce a verifiable stage output.,"{""missing_fraction"": 0.009774058652538005, ""records"": 420768, ""stations"": 12}","{""description"": ""Beijing air-quality regression/time-series stratum with chronological validation required."", ""missing_pollutant_fraction"": 0.037023, ""pm25_median"": 55.0, ""records"": 35064, ""scope"": ""single_station"", ""stations"": 1, ""stratum"": ""station_Shunyi"", ""variant"": 8}",case_bundles/RLLM030,python validator.py --candidate {candidate},True
RLLM031,beijing_ml:V10:validate_load,beijing_ml,10,validate_load,data,0,2,Perform stage 'validate_load' requiring skill 'data' for the beijing_ml variant described in variant_context. Respect 0 upstream dependencies and produce a verifiable stage output.,"{""missing_fraction"": 0.009774058652538005, ""records"": 420768, ""stations"": 12}","{""description"": ""Beijing air-quality regression/time-series stratum with chronological validation required."", ""missing_pollutant_fraction"": 0.029613, ""pm25_median"": 59.0, ""records"": 35064, ""scope"": ""single_station"", ""stations"": 1, ""stratum"": ""station_Wanliu"", ""variant"": 10}",case_bundles/RLLM031,python validator.py --candidate {candidate},True
RLLM032,beijing_ml:V13:report,beijing_ml,13,report,report,1,2,Perform stage 'report' requiring skill 'report' for the beijing_ml variant described in variant_context. Respect 1 upstream dependencies and produce a verifiable stage output.,"{""missing_fraction"": 0.009774058652538005, ""records"": 420768, ""stations"": 12}","{""description"": ""Beijing air-quality regression/time-series stratum with chronological validation required."", ""missing_pollutant_fraction"": 0.030124, ""pm25_median"": 54.0, ""records"": 104832, ""scope"": ""multi_station_season"", ""stations"": 12, ""stratum"": ""all_stations_months_04_06"", ""variant"": 13}",case_bundles/RLLM032,python validator.py --candidate {candidate},True
RLLM033,beijing_ml:V15:validate_load,beijing_ml,15,validate_load,data,0,2,Perform stage 'validate_load' requiring skill 'data' for the beijing_ml variant described in variant_context. Respect 0 upstream dependencies and produce a verifiable stage output.,"{""missing_fraction"": 0.009774058652538005, ""records"": 420768, ""stations"": 12}","{""description"": ""Beijing air-quality regression/time-series stratum with chronological validation required."", ""missing_pollutant_fraction"": 0.032903, ""pm25_median"": 61.0, ""records"": 105984, ""scope"": ""multi_station_season"", ""stations"": 12, ""stratum"": ""all_stations_months_10_12"", ""variant"": 15}",case_bundles/RLLM033,python validator.py --candidate {candidate},True
RLLM034,beijing_ml:V00:advanced_model,beijing_ml,0,advanced_model,ml,1,3,Perform stage 'advanced_model' requiring skill 'ml' for the beijing_ml variant described in variant_context. Respect 1 upstream dependencies and produce a verifiable stage output.,"{""missing_fraction"": 0.009774058652538005, ""records"": 420768, ""stations"": 12}","{""description"": ""Beijing air-quality regression/time-series stratum with chronological validation required."", ""missing_pollutant_fraction"": 0.033729, ""pm25_median"": 58.0, ""records"": 35064, ""scope"": ""single_station"", ""stations"": 1, ""stratum"": ""station_Aotizhongxin"", ""variant"": 0}",case_bundles/RLLM034,python validator.py --candidate {candidate},True
RLLM035,beijing_ml:V02:evaluate,beijing_ml,2,evaluate,test,2,3,Perform stage 'evaluate' requiring skill 'test' for the beijing_ml variant described in variant_context. Respect 2 upstream dependencies and produce a verifiable stage output.,"{""missing_fraction"": 0.009774058652538005, ""records"": 420768, ""stations"": 12}","{""description"": ""Beijing air-quality regression/time-series stratum with chronological validation required."", ""missing_pollutant_fraction"": 0.03149, ""pm25_median"": 41.0, ""records"": 35064, ""scope"": ""single_station"", ""stations"": 1, ""stratum"": ""station_Dingling"", ""variant"": 2}",case_bundles/RLLM035,python validator.py --candidate {candidate},True
RLLM036,beijing_ml:V05:clean_feature,beijing_ml,5,clean_feature,data,1,3,Perform stage 'clean_feature' requiring skill 'data' for the beijing_ml variant described in variant_context. Respect 1 upstream dependencies and produce a verifiable stage output.,"{""missing_fraction"": 0.009774058652538005, ""records"": 420768, ""stations"": 12}","{""description"": ""Beijing air-quality regression/time-series stratum with chronological validation required."", ""missing_pollutant_fraction"": 0.020591, ""pm25_median"": 60.0, ""records"": 35064, ""scope"": ""single_station"", ""stations"": 1, ""stratum"": ""station_Gucheng"", ""variant"": 5}",case_bundles/RLLM036,python validator.py --candidate {candidate},True
RLLM037,beijing_ml:V08:clean_feature,beijing_ml,8,clean_feature,data,1,3,Perform stage 'clean_feature' requiring skill 'data' for the beijing_ml variant described in variant_context. Respect 1 upstream dependencies and produce a verifiable stage output.,"{""missing_fraction"": 0.009774058652538005, ""records"": 420768, ""stations"": 12}","{""description"": ""Beijing air-quality regression/time-series stratum with chronological validation required."", ""missing_pollutant_fraction"": 0.037023, ""pm25_median"": 55.0, ""records"": 35064, ""scope"": ""single_station"", ""stations"": 1, ""stratum"": ""station_Shunyi"", ""variant"": 8}",case_bundles/RLLM037,python validator.py --candidate {candidate},True
RLLM038,beijing_ml:V11:baseline_model,beijing_ml,11,baseline_model,ml,1,3,Perform stage 'baseline_model' requiring skill 'ml' for the beijing_ml variant described in variant_context. Respect 1 upstream dependencies and produce a verifiable stage output.,"{""missing_fraction"": 0.009774058652538005, ""records"": 420768, ""stations"": 12}","{""description"": ""Beijing air-quality regression/time-series stratum with chronological validation required."", ""missing_pollutant_fraction"": 0.023661, ""pm25_median"": 60.0, ""records"": 35064, ""scope"": ""single_station"", ""stations"": 1, ""stratum"": ""station_Wanshouxigong"", ""variant"": 11}",case_bundles/RLLM038,python validator.py --candidate {candidate},True
RLLM039,beijing_ml:V13:eda,beijing_ml,13,eda,analysis,1,3,Perform stage 'eda' requiring skill 'analysis' for the beijing_ml variant described in variant_context. Respect 1 upstream dependencies and produce a verifiable stage output.,"{""missing_fraction"": 0.009774058652538005, ""records"": 420768, ""stations"": 12}","{""description"": ""Beijing air-quality regression/time-series stratum with chronological validation required."", ""missing_pollutant_fraction"": 0.030124, ""pm25_median"": 54.0, ""records"": 104832, ""scope"": ""multi_station_season"", ""stations"": 12, ""stratum"": ""all_stations_months_04_06"", ""variant"": 13}",case_bundles/RLLM039,python validator.py --candidate {candidate},True
RLLM040,beijing_ml:V15:evaluate,beijing_ml,15,evaluate,test,2,3,Perform stage 'evaluate' requiring skill 'test' for the beijing_ml variant described in variant_context. Respect 2 upstream dependencies and produce a verifiable stage output.,"{""missing_fraction"": 0.009774058652538005, ""records"": 420768, ""stations"": 12}","{""description"": ""Beijing air-quality regression/time-series stratum with chronological validation required."", ""missing_pollutant_fraction"": 0.032903, ""pm25_median"": 61.0, ""records"": 105984, ""scope"": ""multi_station_season"", ""stations"": 12, ""stratum"": ""all_stations_months_10_12"", ""variant"": 15}",case_bundles/RLLM040,python validator.py --candidate {candidate},True
RLLM041,bugs2fix:V00:report,bugs2fix,0,report,report,1,1,Perform stage 'report' requiring skill 'report' for the bugs2fix variant described in variant_context. Respect 1 upstream dependencies and produce a verifiable stage output.,"{""absolute_length_delta"": {""p25"": 6.0, ""p50"": 16.0, ""p75"": 36.0, ""p95"": 80.0}, ""execution_note"": ""Normalized function pairs; not executable repository tests."", ""mean_source_length"": 138.4590616966581, ""records"": 46680, ""source_length"": {""p25"": 103.0, ""p50"": 137.0, ""p75"": 173.0, ""p95"": 215.0}, ""unequal_fraction"": 1.0}","{""description"": ""Normalized Java before/after function-pair stratum; no executable repository tests are available."", ""median_absolute_length_delta"": 1.0, ""median_source_characters"": 80.0, ""patch_delta_band"": 1, ""records"": 3536, ""source_length_band"": 1, ""stratum"": ""source_length_q1_patch_delta_q1"", ""variant"": 0}",case_bundles/RLLM041,python validator.py --candidate {candidate},True
RLLM042,bugs2fix:V03:report,bugs2fix,3,report,report,1,1,Perform stage 'report' requiring skill 'report' for the bugs2fix variant described in variant_context. Respect 1 upstream dependencies and produce a verifiable stage output.,"{""absolute_length_delta"": {""p25"": 6.0, ""p50"": 16.0, ""p75"": 36.0, ""p95"": 80.0}, ""execution_note"": ""Normalized function pairs; not executable repository tests."", ""mean_source_length"": 138.4590616966581, ""records"": 46680, ""source_length"": {""p25"": 103.0, ""p50"": 137.0, ""p75"": 173.0, ""p95"": 215.0}, ""unequal_fraction"": 1.0}","{""description"": ""Normalized Java before/after function-pair stratum; no executable repository tests are available."", ""median_absolute_length_delta"": 45.0, ""median_source_characters"": 89.0, ""patch_delta_band"": 4, ""records"": 1580, ""source_length_band"": 1, ""stratum"": ""source_length_q1_patch_delta_q4"", ""variant"": 3}",case_bundles/RLLM042,python validator.py --candidate {candidate},True
RLLM043,bugs2fix:V06:report,bugs2fix,6,report,report,1,1,Perform stage 'report' requiring skill 'report' for the bugs2fix variant described in variant_context. Respect 1 upstream dependencies and produce a verifiable stage output.,"{""absolute_length_delta"": {""p25"": 6.0, ""p50"": 16.0, ""p75"": 36.0, ""p95"": 80.0}, ""execution_note"": ""Normalized function pairs; not executable repository tests."", ""mean_source_length"": 138.4590616966581, ""records"": 46680, ""source_length"": {""p25"": 103.0, ""p50"": 137.0, ""p75"": 173.0, ""p95"": 215.0}, ""unequal_fraction"": 1.0}","{""description"": ""Normalized Java before/after function-pair stratum; no executable repository tests are available."", ""median_absolute_length_delta"": 26.0, ""median_source_characters"": 121.0, ""patch_delta_band"": 3, ""records"": 3224, ""source_length_band"": 2, ""stratum"": ""source_length_q2_patch_delta_q3"", ""variant"": 6}",case_bundles/RLLM043,python validator.py --candidate {candidate},True
RLLM044,bugs2fix:V09:report,bugs2fix,9,report,report,1,1,Perform stage 'report' requiring skill 'report' for the bugs2fix variant described in variant_context. Respect 1 upstream dependencies and produce a verifiable stage output.,"{""absolute_length_delta"": {""p25"": 6.0, ""p50"": 16.0, ""p75"": 36.0, ""p95"": 80.0}, ""execution_note"": ""Normalized function pairs; not executable repository tests."", ""mean_source_length"": 138.4590616966581, ""records"": 46680, ""source_length"": {""p25"": 103.0, ""p50"": 137.0, ""p75"": 173.0, ""p95"": 215.0}, ""unequal_fraction"": 1.0}","{""description"": ""Normalized Java before/after function-pair stratum; no executable repository tests are available."", ""median_absolute_length_delta"": 10, ""median_source_characters"": 155, ""patch_delta_band"": 2, ""records"": 2549, ""source_length_band"": 3, ""stratum"": ""source_length_q3_patch_delta_q2"", ""variant"": 9}",case_bundles/RLLM044,python validator.py --candidate {candidate},True
RLLM045,bugs2fix:V12:report,bugs2fix,12,report,report,1,1,Perform stage 'report' requiring skill 'report' for the bugs2fix variant described in variant_context. Respect 1 upstream dependencies and produce a verifiable stage output.,"{""absolute_length_delta"": {""p25"": 6.0, ""p50"": 16.0, ""p75"": 36.0, ""p95"": 80.0}, ""execution_note"": ""Normalized function pairs; not executable repository tests."", ""mean_source_length"": 138.4590616966581, ""records"": 46680, ""source_length"": {""p25"": 103.0, ""p50"": 137.0, ""p75"": 173.0, ""p95"": 215.0}, ""unequal_fraction"": 1.0}","{""description"": ""Normalized Java before/after function-pair stratum; no executable repository tests are available."", ""median_absolute_length_delta"": 1, ""median_source_characters"": 194, ""patch_delta_band"": 1, ""records"": 2853, ""source_length_band"": 4, ""stratum"": ""source_length_q4_patch_delta_q1"", ""variant"": 12}",case_bundles/RLLM045,python validator.py --candidate {candidate},True
RLLM046,bugs2fix:V15:report,bugs2fix,15,report,report,1,1,Perform stage 'report' requiring skill 'report' for the bugs2fix variant described in variant_context. Respect 1 upstream dependencies and produce a verifiable stage output.,"{""absolute_length_delta"": {""p25"": 6.0, ""p50"": 16.0, ""p75"": 36.0, ""p95"": 80.0}, ""execution_note"": ""Normalized function pairs; not executable repository tests."", ""mean_source_length"": 138.4590616966581, ""records"": 46680, ""source_length"": {""p25"": 103.0, ""p50"": 137.0, ""p75"": 173.0, ""p95"": 215.0}, ""unequal_fraction"": 1.0}","{""description"": ""Normalized Java before/after function-pair stratum; no executable repository tests are available."", ""median_absolute_length_delta"": 66, ""median_source_characters"": 196, ""patch_delta_band"": 4, ""records"": 3633, ""source_length_band"": 4, ""stratum"": ""source_length_q4_patch_delta_q4"", ""variant"": 15}",case_bundles/RLLM046,python validator.py --candidate {candidate},True
RLLM047,bugs2fix:V00:regression_test,bugs2fix,0,regression_test,test,1,2,Perform stage 'regression_test' requiring skill 'test' for the bugs2fix variant described in variant_context. Respect 1 upstream dependencies and produce a verifiable stage output.,"{""absolute_length_delta"": {""p25"": 6.0, ""p50"": 16.0, ""p75"": 36.0, ""p95"": 80.0}, ""execution_note"": ""Normalized function pairs; not executable repository tests."", ""mean_source_length"": 138.4590616966581, ""records"": 46680, ""source_length"": {""p25"": 103.0, ""p50"": 137.0, ""p75"": 173.0, ""p95"": 215.0}, ""unequal_fraction"": 1.0}","{""description"": ""Normalized Java before/after function-pair stratum; no executable repository tests are available."", ""median_absolute_length_delta"": 1.0, ""median_source_characters"": 80.0, ""patch_delta_band"": 1, ""records"": 3536, ""source_length_band"": 1, ""stratum"": ""source_length_q1_patch_delta_q1"", ""variant"": 0}",case_bundles/RLLM047,python validator.py --candidate {candidate},True
RLLM048,bugs2fix:V01:regression_test,bugs2fix,1,regression_test,test,1,2,Perform stage 'regression_test' requiring skill 'test' for the bugs2fix variant described in variant_context. Respect 1 upstream dependencies and produce a verifiable stage output.,"{""absolute_length_delta"": {""p25"": 6.0, ""p50"": 16.0, ""p75"": 36.0, ""p95"": 80.0}, ""execution_note"": ""Normalized function pairs; not executable repository tests."", ""mean_source_length"": 138.4590616966581, ""records"": 46680, ""source_length"": {""p25"": 103.0, ""p50"": 137.0, ""p75"": 173.0, ""p95"": 215.0}, ""unequal_fraction"": 1.0}","{""description"": ""Normalized Java before/after function-pair stratum; no executable repository tests are available."", ""median_absolute_length_delta"": 10, ""median_source_characters"": 80, ""patch_delta_band"": 2, ""records"": 3459, ""source_length_band"": 1, ""stratum"": ""source_length_q1_patch_delta_q2"", ""variant"": 1}",case_bundles/RLLM048,python validator.py --candidate {candidate},True
RLLM049,bugs2fix:V03:reproduce,bugs2fix,3,reproduce,test,0,2,Perform stage 'reproduce' requiring skill 'test' for the bugs2fix variant described in variant_context. Respect 0 upstream dependencies and produce a verifiable stage output.,"{""absolute_length_delta"": {""p25"": 6.0, ""p50"": 16.0, ""p75"": 36.0, ""p95"": 80.0}, ""execution_note"": ""Normalized function pairs; not executable repository tests."", ""mean_source_length"": 138.4590616966581, ""records"": 46680, ""source_length"": {""p25"": 103.0, ""p50"": 137.0, ""p75"": 173.0, ""p95"": 215.0}, ""unequal_fraction"": 1.0}","{""description"": ""Normalized Java before/after function-pair stratum; no executable repository tests are available."", ""median_absolute_length_delta"": 45.0, ""median_source_characters"": 89.0, ""patch_delta_band"": 4, ""records"": 1580, ""source_length_band"": 1, ""stratum"": ""source_length_q1_patch_delta_q4"", ""variant"": 3}",case_bundles/RLLM049,python validator.py --candidate {candidate},True
RLLM050,bugs2fix:V05:regression_test,bugs2fix,5,regression_test,test,1,2,Perform stage 'regression_test' requiring skill 'test' for the bugs2fix variant described in variant_context. Respect 1 upstream dependencies and produce a verifiable stage output.,"{""absolute_length_delta"": {""p25"": 6.0, ""p50"": 16.0, ""p75"": 36.0, ""p95"": 80.0}, ""execution_note"": ""Normalized function pairs; not executable repository tests."", ""mean_source_length"": 138.4590616966581, ""records"": 46680, ""source_length"": {""p25"": 103.0, ""p50"": 137.0, ""p75"": 173.0, ""p95"": 215.0}, ""unequal_fraction"": 1.0}","{""description"": ""Normalized Java before/after function-pair stratum; no executable repository tests are available."", ""median_absolute_length_delta"": 10, ""median_source_characters"": 120, ""patch_delta_band"": 2, ""records"": 2735, ""source_length_band"": 2, ""stratum"": ""source_length_q2_patch_delta_q2"", ""variant"": 5}",case_bundles/RLLM050,python validator.py --candidate {candidate},True
RLLM051,bugs2fix:V06:reproduce,bugs2fix,6,reproduce,test,0,2,Perform stage 'reproduce' requiring skill 'test' for the bugs2fix variant described in variant_context. Respect 0 upstream dependencies and produce a verifiable stage output.,"{""absolute_length_delta"": {""p25"": 6.0, ""p50"": 16.0, ""p75"": 36.0, ""p95"": 80.0}, ""execution_note"": ""Normalized function pairs; not executable repository tests."", ""mean_source_length"": 138.4590616966581, ""records"": 46680, ""source_length"": {""p25"": 103.0, ""p50"": 137.0, ""p75"": 173.0, ""p95"": 215.0}, ""unequal_fraction"": 1.0}","{""description"": ""Normalized Java before/after function-pair stratum; no executable repository tests are available."", ""median_absolute_length_delta"": 26.0, ""median_source_characters"": 121.0, ""patch_delta_band"": 3, ""records"": 3224, ""source_length_band"": 2, ""stratum"": ""source_length_q2_patch_delta_q3"", ""variant"": 6}",case_bundles/RLLM051,python validator.py --candidate {candidate},True
RLLM052,bugs2fix:V08:reproduce,bugs2fix,8,reproduce,test,0,2,Perform stage 'reproduce' requiring skill 'test' for the bugs2fix variant described in variant_context. Respect 0 upstream dependencies and produce a verifiable stage output.,"{""absolute_length_delta"": {""p25"": 6.0, ""p50"": 16.0, ""p75"": 36.0, ""p95"": 80.0}, ""execution_note"": ""Normalized function pairs; not executable repository tests."", ""mean_source_length"": 138.4590616966581, ""records"": 46680, ""source_length"": {""p25"": 103.0, ""p50"": 137.0, ""p75"": 173.0, ""p95"": 215.0}, ""unequal_fraction"": 1.0}","{""description"": ""Normalized Java before/after function-pair stratum; no executable repository tests are available."", ""median_absolute_length_delta"": 1.0, ""median_source_characters"": 155.0, ""patch_delta_band"": 1, ""records"": 3012, ""source_length_band"": 3, ""stratum"": ""source_length_q3_patch_delta_q1"", ""variant"": 8}",case_bundles/RLLM052,python validator.py --candidate {candidate},True
RLLM053,bugs2fix:V13:reproduce,bugs2fix,13,reproduce,test,0,2,Perform stage 'reproduce' requiring skill 'test' for the bugs2fix variant described in variant_context. Respect 0 upstream dependencies and produce a verifiable stage output.,"{""absolute_length_delta"": {""p25"": 6.0, ""p50"": 16.0, ""p75"": 36.0, ""p95"": 80.0}, ""execution_note"": ""Normalized function pairs; not executable repository tests."", ""mean_source_length"": 138.4590616966581, ""records"": 46680, ""source_length"": {""p25"": 103.0, ""p50"": 137.0, ""p75"": 173.0, ""p95"": 215.0}, ""unequal_fraction"": 1.0}","{""description"": ""Normalized Java before/after function-pair stratum; no executable repository tests are available."", ""median_absolute_length_delta"": 10.0, ""median_source_characters"": 195.0, ""patch_delta_band"": 2, ""records"": 2506, ""source_length_band"": 4, ""stratum"": ""source_length_q4_patch_delta_q2"", ""variant"": 13}",case_bundles/RLLM053,python validator.py --candidate {candidate},True
RLLM054,bugs2fix:V00:fix,bugs2fix,0,fix,code,1,3,Perform stage 'fix' requiring skill 'code' for the bugs2fix variant described in variant_context. Respect 1 upstream dependencies and produce a verifiable stage output.,"{""absolute_length_delta"": {""p25"": 6.0, ""p50"": 16.0, ""p75"": 36.0, ""p95"": 80.0}, ""execution_note"": ""Normalized function pairs; not executable repository tests."", ""mean_source_length"": 138.4590616966581, ""records"": 46680, ""source_length"": {""p25"": 103.0, ""p50"": 137.0, ""p75"": 173.0, ""p95"": 215.0}, ""unequal_fraction"": 1.0}","{""description"": ""Normalized Java before/after function-pair stratum; no executable repository tests are available."", ""median_absolute_length_delta"": 1.0, ""median_source_characters"": 80.0, ""patch_delta_band"": 1, ""records"": 3536, ""source_length_band"": 1, ""stratum"": ""source_length_q1_patch_delta_q1"", ""variant"": 0}",case_bundles/RLLM054,python validator.py --candidate {candidate},True
RLLM055,bugs2fix:V03:localise,bugs2fix,3,localise,analysis,1,3,Perform stage 'localise' requiring skill 'analysis' for the bugs2fix variant described in variant_context. Respect 1 upstream dependencies and produce a verifiable stage output.,"{""absolute_length_delta"": {""p25"": 6.0, ""p50"": 16.0, ""p75"": 36.0, ""p95"": 80.0}, ""execution_note"": ""Normalized function pairs; not executable repository tests."", ""mean_source_length"": 138.4590616966581, ""records"": 46680, ""source_length"": {""p25"": 103.0, ""p50"": 137.0, ""p75"": 173.0, ""p95"": 215.0}, ""unequal_fraction"": 1.0}","{""description"": ""Normalized Java before/after function-pair stratum; no executable repository tests are available."", ""median_absolute_length_delta"": 45.0, ""median_source_characters"": 89.0, ""patch_delta_band"": 4, ""records"": 1580, ""source_length_band"": 1, ""stratum"": ""source_length_q1_patch_delta_q4"", ""variant"": 3}",case_bundles/RLLM055,python validator.py --candidate {candidate},True
RLLM056,bugs2fix:V06:regression_test,bugs2fix,6,regression_test,test,1,3,Perform stage 'regression_test' requiring skill 'test' for the bugs2fix variant described in variant_context. Respect 1 upstream dependencies and produce a verifiable stage output.,"{""absolute_length_delta"": {""p25"": 6.0, ""p50"": 16.0, ""p75"": 36.0, ""p95"": 80.0}, ""execution_note"": ""Normalized function pairs; not executable repository tests."", ""mean_source_length"": 138.4590616966581, ""records"": 46680, ""source_length"": {""p25"": 103.0, ""p50"": 137.0, ""p75"": 173.0, ""p95"": 215.0}, ""unequal_fraction"": 1.0}","{""description"": ""Normalized Java before/after function-pair stratum; no executable repository tests are available."", ""median_absolute_length_delta"": 26.0, ""median_source_characters"": 121.0, ""patch_delta_band"": 3, ""records"": 3224, ""source_length_band"": 2, ""stratum"": ""source_length_q2_patch_delta_q3"", ""variant"": 6}",case_bundles/RLLM056,python validator.py --candidate {candidate},True
RLLM057,bugs2fix:V09:localise,bugs2fix,9,localise,analysis,1,3,Perform stage 'localise' requiring skill 'analysis' for the bugs2fix variant described in variant_context. Respect 1 upstream dependencies and produce a verifiable stage output.,"{""absolute_length_delta"": {""p25"": 6.0, ""p50"": 16.0, ""p75"": 36.0, ""p95"": 80.0}, ""execution_note"": ""Normalized function pairs; not executable repository tests."", ""mean_source_length"": 138.4590616966581, ""records"": 46680, ""source_length"": {""p25"": 103.0, ""p50"": 137.0, ""p75"": 173.0, ""p95"": 215.0}, ""unequal_fraction"": 1.0}","{""description"": ""Normalized Java before/after function-pair stratum; no executable repository tests are available."", ""median_absolute_length_delta"": 10, ""median_source_characters"": 155, ""patch_delta_band"": 2, ""records"": 2549, ""source_length_band"": 3, ""stratum"": ""source_length_q3_patch_delta_q2"", ""variant"": 9}",case_bundles/RLLM057,python validator.py --candidate {candidate},True
RLLM058,bugs2fix:V11:localise,bugs2fix,11,localise,analysis,1,3,Perform stage 'localise' requiring skill 'analysis' for the bugs2fix variant described in variant_context. Respect 1 upstream dependencies and produce a verifiable stage output.,"{""absolute_length_delta"": {""p25"": 6.0, ""p50"": 16.0, ""p75"": 36.0, ""p95"": 80.0}, ""execution_note"": ""Normalized function pairs; not executable repository tests."", ""mean_source_length"": 138.4590616966581, ""records"": 46680, ""source_length"": {""p25"": 103.0, ""p50"": 137.0, ""p75"": 173.0, ""p95"": 215.0}, ""unequal_fraction"": 1.0}","{""description"": ""Normalized Java before/after function-pair stratum; no executable repository tests are available."", ""median_absolute_length_delta"": 57.0, ""median_source_characters"": 155.0, ""patch_delta_band"": 4, ""records"": 3242, ""source_length_band"": 3, ""stratum"": ""source_length_q3_patch_delta_q4"", ""variant"": 11}",case_bundles/RLLM058,python validator.py --candidate {candidate},True
RLLM059,bugs2fix:V13:regression_test,bugs2fix,13,regression_test,test,1,3,Perform stage 'regression_test' requiring skill 'test' for the bugs2fix variant described in variant_context. Respect 1 upstream dependencies and produce a verifiable stage output.,"{""absolute_length_delta"": {""p25"": 6.0, ""p50"": 16.0, ""p75"": 36.0, ""p95"": 80.0}, ""execution_note"": ""Normalized function pairs; not executable repository tests."", ""mean_source_length"": 138.4590616966581, ""records"": 46680, ""source_length"": {""p25"": 103.0, ""p50"": 137.0, ""p75"": 173.0, ""p95"": 215.0}, ""unequal_fraction"": 1.0}","{""description"": ""Normalized Java before/after function-pair stratum; no executable repository tests are available."", ""median_absolute_length_delta"": 10.0, ""median_source_characters"": 195.0, ""patch_delta_band"": 2, ""records"": 2506, ""source_length_band"": 4, ""stratum"": ""source_length_q4_patch_delta_q2"", ""variant"": 13}",case_bundles/RLLM059,python validator.py --candidate {candidate},True
RLLM060,bugs2fix:V15:reproduce,bugs2fix,15,reproduce,test,0,3,Perform stage 'reproduce' requiring skill 'test' for the bugs2fix variant described in variant_context. Respect 0 upstream dependencies and produce a verifiable stage output.,"{""absolute_length_delta"": {""p25"": 6.0, ""p50"": 16.0, ""p75"": 36.0, ""p95"": 80.0}, ""execution_note"": ""Normalized function pairs; not executable repository tests."", ""mean_source_length"": 138.4590616966581, ""records"": 46680, ""source_length"": {""p25"": 103.0, ""p50"": 137.0, ""p75"": 173.0, ""p95"": 215.0}, ""unequal_fraction"": 1.0}","{""description"": ""Normalized Java before/after function-pair stratum; no executable repository tests are available."", ""median_absolute_length_delta"": 66, ""median_source_characters"": 196, ""patch_delta_band"": 4, ""records"": 3633, ""source_length_band"": 4, ""stratum"": ""source_length_q4_patch_delta_q4"", ""variant"": 15}",case_bundles/RLLM060,python validator.py --candidate {candidate},True
