seed,policy,tasks_verified,completion_rate,provider_calls_completed,total_cost,cost_per_verified_task,run_wall_time_seconds,verified_throughput_per_second,resource_utilization,p95_terminal_flow_time_seconds,batch,run_path,outcome_cost_valid,timing_valid,timing_anomaly_calls,max_nonprovider_gap_seconds,transient_adapter_error_rows
3000,CENTRAL_FIT,26,0.43333333333333335,132,0.124338026,0.004782231769230769,311.5514267000035,0.08345331708281889,0.9830241760639506,302.631532899999,20260927T111118Z,main_mfec_output\20260927T111118Z\CENTRAL_FIT__s3000,True,True,0,4.145599099996616,0
3000,CF_FIT,26,0.43333333333333335,132,0.123874914,0.004764419769230769,227.9567186000022,0.11405673919013742,0.9429344812476308,218.43163490000006,20260927T062207Z,main_mfec_output\20260927T062207Z\CF_FIT__s3000,True,True,0,0.5745991000003414,0
3000,S3,30,0.5,101,0.095894492,0.0031964830666666665,554.6599991000039,0.05408718863570162,0.680573721221146,515.5131955000033,20260927T110119Z,main_mfec_output\20260927T110119Z\S3__s3000,True,True,0,1.5914215999946464,0
3001,CENTRAL_FIT,24,0.4,133,0.128051088,0.005335462,327.53084279999894,0.07327554191485773,0.8661247544653969,256.301492999999,20260927T163723Z,main_mfec_output\20260927T163723Z\CENTRAL_FIT__s3001,True,True,0,1.0186696000018856,0
3001,CF_FIT,28,0.4666666666666667,138,0.122495772,0.004374849,298.7089723999961,0.093736722318825,0.9130071550092199,270.6535537999953,20260927T112124Z,main_mfec_output\20260927T112124Z\CF_FIT__s3001,True,True,0,1.489802399999462,0
3001,S3,31,0.5166666666666667,103,0.095357418,0.003076045741935484,643.7327606000035,0.048156629423529496,0.5782071807557846,608.1705908000004,20260927T112124Z,main_mfec_output\20260927T112124Z\S3__s3001,True,True,0,3.1979839999985415,0
3002,CENTRAL_FIT,27,0.45,129,0.121727984,0.004508443851851852,330.0679447000002,0.0818013394925108,0.8252747494588059,242.0478293999986,20260927T112124Z,main_mfec_output\20260927T112124Z\CENTRAL_FIT__s3002,True,True,0,1.0875809999997728,0
3002,CF_FIT,27,0.45,128,0.11952144,0.00442672,277.5600090000007,0.09727626143721566,0.886113640143772,226.4954904999977,20260927T112124Z,main_mfec_output\20260927T112124Z\CF_FIT__s3002,True,True,0,0.5584263999990071,0
3002,S3,32,0.5333333333333333,109,0.107053504,0.003345422,828.5713335999972,0.038620694081903134,0.5362395539354079,784.1971900999997,20260927T112124Z,main_mfec_output\20260927T112124Z\S3__s3002,True,True,0,2.8178311999945436,0
3003,CENTRAL_FIT,24,0.4,136,0.1260559,0.005252329166666667,278.4749454999983,0.08618369583270158,0.98164710572386,267.38799549999385,20260927T112124Z,main_mfec_output\20260927T112124Z\CENTRAL_FIT__s3003,True,True,0,3.3825893999965047,0
3003,CF_FIT,23,0.38333333333333336,137,0.125384252,0.005451489217391304,244.56830769999942,0.09404325612054784,0.9482596621547056,231.86775689999922,20260927T112124Z,main_mfec_output\20260927T112124Z\CF_FIT__s3003,True,True,0,0.9176240000015241,0
3003,S3,36,0.6,107,0.108585556,0.0030162654444444445,888.0792633999954,0.04053692219112813,0.49875864714019397,853.3453062999979,20260927T112124Z,main_mfec_output\20260927T112124Z\S3__s3003,True,True,0,1.0082067999974242,0
3004,CENTRAL_FIT,24,0.4,133,0.122418786,0.00510078275,229.123955199997,0.10474679515309063,0.9925362890791227,225.15175109999836,20260927T112124Z,main_mfec_output\20260927T112124Z\CENTRAL_FIT__s3004,True,True,0,1.3611240000027465,0
3004,CF_FIT,25,0.4166666666666667,137,0.12274788,0.0049099152,249.168531000003,0.10033369743629343,0.9484395804380654,240.06156880000344,20260927T112124Z,main_mfec_output\20260927T112124Z\CF_FIT__s3004,True,True,0,0.6725702999974601,0
3004,S3,33,0.55,104,0.09828160999999999,0.002978230606060606,738.9906953000027,0.04465550136135778,0.5333651189477709,662.9148217000038,20260927T112124Z,main_mfec_output\20260927T112124Z\S3__s3004,True,True,0,0.8248936000018148,0
3005,CENTRAL_FIT,27,0.45,130,0.122030162,0.00451963562962963,265.51989210000465,0.1016872965202577,0.9415339572343517,238.9744309000016,20260927T112124Z,main_mfec_output\20260927T112124Z\CENTRAL_FIT__s3005,True,True,0,0.6962498000066262,0
3005,CF_FIT,24,0.4,138,0.12529637,0.005220682083333333,296.60828959999344,0.0809147985458075,0.8608363723673009,243.9377619999941,20260927T112124Z,main_mfec_output\20260927T112124Z\CF_FIT__s3005,True,True,0,0.39436320000095293,0
3005,S3,34,0.5666666666666667,108,0.113139032,0.0033276185882352943,924.5636815999969,0.03677410293811406,0.49379060817451653,779.5313999999998,20260927T112124Z,main_mfec_output\20260927T112124Z\S3__s3005,True,True,0,0.8946434000026784,0
3006,CENTRAL_FIT,25,0.4166666666666667,133,0.125102774,0.00500411096,250.19220540000242,0.09992317690325518,0.9941397458899477,245.65670630000386,20260927T112124Z,main_mfec_output\20260927T112124Z\CENTRAL_FIT__s3006,True,True,0,0.7430766000034055,0
3006,CF_FIT,22,0.36666666666666664,140,0.128233952,0.0058288160000000006,364.8679415000006,0.060295787866580665,0.7982676817332435,257.9770972999977,20260927T112124Z,main_mfec_output\20260927T112124Z\CF_FIT__s3006,True,True,0,0.6225722000017413,0
3006,S3,33,0.55,107,0.10767567,0.003262899090909091,798.8157208000048,0.04131115492688461,0.5033897444631609,741.521996800002,20260927T164251Z,main_mfec_output\20260927T164251Z\S3__s3006,True,True,0,0.8933953000014299,0
3007,CENTRAL_FIT,25,0.4166666666666667,137,0.125698514,0.00502794056,282.8128485999987,0.0883976810946068,0.982018097155565,274.5554381999973,20260927T112124Z,main_mfec_output\20260927T112124Z\CENTRAL_FIT__s3007,True,True,0,1.2453853000042727,0
3007,CF_FIT,24,0.4,140,0.129690752,0.005403781333333333,304.0279301999981,0.07894011574598468,0.869853682278621,251.54763210000237,20260927T112124Z,main_mfec_output\20260927T112124Z\CF_FIT__s3007,True,True,0,0.8874781999984407,0
3007,S3,34,0.5666666666666667,104,0.097434672,0.0028657256470588236,707.7374383999995,0.04804041464425662,0.5331183782689338,672.1311187999963,20260927T112124Z,main_mfec_output\20260927T112124Z\S3__s3007,True,True,0,1.1894928999972763,0
3008,CENTRAL_FIT,22,0.36666666666666664,141,0.128200996,0.005827318000000001,283.6345516000001,0.07756459809249837,0.9608583257198015,261.71434800000134,20260927T112124Z,main_mfec_output\20260927T112124Z\CENTRAL_FIT__s3008,True,True,0,0.9445517000058317,0
3008,CF_FIT,24,0.4,139,0.130566052,0.005440252166666666,313.96547469999496,0.07644152600833848,0.9290112678112643,293.69957269999577,20260927T112124Z,main_mfec_output\20260927T112124Z\CF_FIT__s3008,True,True,0,0.7947914999967907,0
3008,S3,34,0.5666666666666667,105,0.108160798,0.0031811999411764705,780.1479485000018,0.04358147716131554,0.5481983673169266,729.2875257999985,20260927T112124Z,main_mfec_output\20260927T112124Z\S3__s3008,True,True,0,1.3991482999990694,0
3009,CENTRAL_FIT,27,0.45,129,0.11780845,0.004363275925925926,271.08378240000457,0.09960020389622373,0.9950098481681503,261.7737019999986,20260927T112124Z,main_mfec_output\20260927T112124Z\CENTRAL_FIT__s3009,True,True,0,1.4290145999984816,0
3009,CF_FIT,24,0.4,133,0.123025206,0.00512605025,268.3335713999986,0.08944091443639662,0.8910913363758148,241.52167399999598,20260927T165610Z,main_mfec_output\20260927T165610Z\CF_FIT__s3009,True,True,0,8.046676899997692,0
3009,S3,31,0.5166666666666667,104,0.098691818,0.0031836070322580645,643.222168100001,0.04819485636132564,0.5892945547150549,595.4388392999972,20260927T112124Z,main_mfec_output\20260927T112124Z\S3__s3009,True,True,0,1.2702280999947106,0
