metric,left_policy,right_policy,n_pairs,left_mean,right_mean,mean_difference_left_minus_right,median_difference_left_minus_right,median_difference_ci_low,median_difference_ci_high,relative_mean_change_percent,wilcoxon_w,p_raw,rank_biserial,p_holm
completion_rate,CF_FIT,S3,10,0.4116666666666667,0.5466666666666666,-0.135,-0.15,-0.17500000000000002,-0.08333333333333331,-24.695121951219512,0,0.001953125,-1.0,0.005859375
completion_rate,CF_FIT,CENTRAL_FIT,10,0.4116666666666667,0.41833333333333333,-0.006666666666666665,-0.008333333333333331,-0.04999999999999999,0.01666666666666669,-1.5936254980079678,14.0,0.609375,-0.2222222222222222,0.609375
completion_rate,S3,CENTRAL_FIT,10,0.5466666666666666,0.41833333333333333,0.12833333333333333,0.12500000000000003,0.08333333333333331,0.16666666666666666,30.677290836653384,0,0.001953125,1.0,0.005859375
total_cost,CF_FIT,S3,10,0.125083659,0.103027457,0.022056202,0.02336932099999999,0.016798696000000002,0.027138354000000003,21.40808153694408,0,0.001953125,1.0,0.005859375
total_cost,CF_FIT,CENTRAL_FIT,10,0.125083659,0.124143268,0.0009403909999999973,0.0013470749999999893,-0.0009387249999999944,0.0035617079999999968,0.7575046276371565,19.0,0.431640625,0.3090909090909091,0.431640625
total_cost,S3,CENTRAL_FIT,10,0.103027457,0.124143268,-0.021115811000000005,-0.019578415000000002,-0.02826384200000001,-0.0168749774000003,-17.00922759661845,0,0.001953125,-1.0,0.005859375
cost_per_verified_task,CF_FIT,S3,10,0.005094697501995541,0.0031433497158744944,0.0019513477861210463,0.0019370639058406648,0.0015679367025641026,0.0024352237729468595,62.078609206808295,0,0.001953125,1.0,0.005859375
cost_per_verified_task,CF_FIT,CENTRAL_FIT,10,0.005094697501995541,0.004972153061330484,0.00012254444066505621,9.06740253623188e-05,-0.00020243891666666715,0.0007010464537037034,2.4646152110262047,22.0,0.625,0.2,0.625
cost_per_verified_task,S3,CENTRAL_FIT,10,0.0031433497158744944,0.004972153061330484,-0.00182880334545599,-0.0019318820065151515,-0.002236063722222222,-0.0011920170413943355,-36.780914080843395,0,0.001953125,-1.0,0.005859375
run_wall_time_seconds,CF_FIT,S3,10,284.5765746099987,750.8521009400007,-466.275526330002,-450.0651265500055,-558.8887781500016,-374.3666482000044,-62.09951676851754,0,0.001953125,-1.0,0.005859375
run_wall_time_seconds,CF_FIT,CENTRAL_FIT,10,284.5765746099987,282.99923950000084,1.5773351099978754,8.64718240000002,-40.66490305000116,30.330923099994834,0.5573637274731513,26.0,0.921875,-0.05454545454545454,0.921875
run_wall_time_seconds,S3,CENTRAL_FIT,10,750.8521009400007,282.99923950000084,467.85286143999986,497.5083928999993,370.5632538000027,559.7355290000014,165.31947657053632,0,0.001953125,1.0,0.005859375
verified_throughput_per_second,CF_FIT,S3,10,0.08854798191061274,0.04439589417255166,0.04415208773806107,0.044860394251494476,0.03286004884702294,0.055678196074935654,99.45083562560313,0,0.001953125,1.0,0.005859375
verified_throughput_per_second,CF_FIT,CENTRAL_FIT,10,0.08854798191061274,0.08966336459828214,-0.001115382687669409,-0.002768084900478543,-0.012592797845623692,0.015474921944704859,-1.2439670233953932,25.0,0.845703125,-0.09090909090909091,0.845703125
verified_throughput_per_second,S3,CENTRAL_FIT,10,0.04439589417255166,0.08966336459828214,-0.045267470425730476,-0.044413709526090556,-0.05861202197637057,-0.03398312093118283,-50.4860269615599,0,0.001953125,-1.0,0.005859375
resource_utilization,CF_FIT,S3,10,0.8987814859559639,0.5494935874938897,0.3492878984620742,0.34330469510902567,0.30179678166075996,0.3910601128415394,63.56541848924821,0,0.001953125,1.0,0.005859375
resource_utilization,CF_FIT,CENTRAL_FIT,10,0.8987814859559639,0.9522167048958953,-0.0534352189399314,-0.04209320172868858,-0.10391851179233547,0.0067474784873342575,-5.611665775782983,11.0,0.10546875,-0.6,0.10546875
resource_utilization,S3,CENTRAL_FIT,10,0.5494935874938897,0.9522167048958953,-0.4027231174020056,-0.430201653731355,-0.4658940887351486,-0.30245045484280464,-42.29322121019027,0,0.001953125,-1.0,0.005859375
