metric,policy,n,mean,sd,median,mean_ci_low,mean_ci_high
completion_rate,CF_FIT,10,0.4116666666666667,0.03047970383187823,0.4,0.395,0.43
completion_rate,S3,10,0.5466666666666666,0.03022549001941208,0.55,0.5283333333333333,0.565
completion_rate,CENTRAL_FIT,10,0.41833333333333333,0.027722166555277004,0.4166666666666667,0.40166666666666667,0.435
total_cost,CF_FIT,10,0.125083659,0.0034981182738076286,0.124585642,0.12313952479499998,0.1271546938
total_cost,S3,10,0.103027457,0.006494538758158325,0.102872661,0.09920261263,0.1068039645
total_cost,CENTRAL_FIT,10,0.124143268,0.0032002485742736414,0.12472040000000001,0.122176997185,0.12592260661000002
cost_per_verified_task,CF_FIT,10,0.005094697501995541,0.0004720675489315913,0.005173366166666667,0.00481755889275,0.005362964163872353
cost_per_verified_task,S3,10,0.0031433497158744944,0.00015633880708704147,0.0031824034867172675,0.0030470822584369116,0.0032319125801393246
cost_per_verified_task,CENTRAL_FIT,10,0.004972153061330484,0.00044585473176189845,0.00501602576,0.004717435126055556,0.005234431478385115
run_wall_time_seconds,CF_FIT,10,284.5765746099987,40.00905387396677,287.0841492999971,261.9053126572502,308.25811554774805
run_wall_time_seconds,S3,10,750.8521009400007,116.31170067438903,759.5693219000023,681.0571959327517,818.2043924664993
run_wall_time_seconds,CENTRAL_FIT,10,282.99923950000084,32.42258325283581,280.6438970499985,264.2186328292506,301.9136369930002
verified_throughput_per_second,CF_FIT,10,0.08854798191061274,0.01497787393823815,0.09158881837761082,0.07982270258970844,0.09725609070513458
verified_throughput_per_second,S3,10,0.04439589417255166,0.005295297188345069,0.04411848926133666,0.041421239839351406,0.04756236005745596
verified_throughput_per_second,CENTRAL_FIT,10,0.08966336459828214,0.011081097025289827,0.08729068846365419,0.08317643945868762,0.0961354777632244
resource_utilization,CF_FIT,10,0.8987814859559639,0.047817941379623696,0.9020492456925173,0.8698795809452067,0.9251571850218746
resource_utilization,S3,10,0.5494935874938897,0.05587548785104973,0.5348023364415895,0.520887884893952,0.5859948763698116
resource_utilization,CENTRAL_FIT,10,0.9522167048958953,0.05928529683420746,0.9818326014397125,0.9142675138583238,0.9827992341081965
